Customer_ID,Age,Gender,City,Employment_Type,Annual_Income,Loan_Amount,Loan_Purpose,Credit_Score,Loan_Tenure_Years,EMI_Amount,Payment_History,Loan_Status,DTI_Ratio,LTI_Ratio,Credit_Tier
CUST01317,44,Male,Kolkata,Self-Employed,1666760.0,1907845,Education Loan,854.0,10,15898.71,Missed,Defaulted,0.11446430199908804,1.1446428999976002,Excellent
CUST01001,26,Male,Ahmedabad,Self-Employed,1883523.0,1334283,Education Loan,594.0,6,18531.71,Good,Defaulted,0.11806626199945527,0.7083975082863336,Fair
CUST01069,36,Female,Mumbai,Business Owner,1791218.0,2487839,Business Loan,491.0,2,103659.96,Excellent,Defaulted,0.6944545666691603,1.3889091110071472,Poor
CUST01968,50,Male,Ahmedabad,Salaried,1641246.0,3829337,Education Loan,336.0,3,106370.47,Excellent,Defaulted,0.777729627368475,2.3331889308488796,Poor
CUST00530,52,Male,Ahmedabad,Self-Employed,1835288.0,4969161,Education Loan,695.0,14,29578.34,Good,Approved,0.19339748311981553,2.707564698292584,Good
CUST01283,55,Female,Delhi,Self-Employed,2037753.0,4501116,Car Loan,422.0,17,22064.29,Excellent,Defaulted,0.12993305861897883,2.208862408741393,Poor
CUST00415,33,Female,Pune,Freelancer,1068374.0,128116,Car Loan,701.0,12,889.69,Delayed,Approved,0.009993017426481739,0.1199168081589406,Good
CUST00983,63,Female,Bangalore,Salaried,1721466.0,829091,Home Loan,326.0,17,4064.17,Missed,Defaulted,0.02833052758520935,0.4816191548366334,Poor
CUST00417,37,Male,Pune,Salaried,229725.0,2072643,Personal Loan,337.0,12,14393.35,Missed,Defaulted,0.7518563499836762,9.022278811622591,Poor
CUST01472,61,Female,Bangalore,Freelancer,595395.0,3665590,Home Loan,647.0,2,152732.92,Missed,Defaulted,3.078284231476583,6.156568328588584,Fair
CUST01525,51,Female,Jaipur,Business Owner,1357588.5,4708234,Personal Loan,873.0,1,392352.83,Delayed,Defaulted,3.468086213164004,3.468086242628013,Excellent
CUST01576,35,Male,Lucknow,Business Owner,503664.0,4462903,Business Loan,681.0,1,371908.58,Delayed,Defaulted,8.860873439435814,8.86087351885384,Good
CUST00252,56,Female,Ahmedabad,Salaried,1746236.0,2792455,Car Loan,594.0,12,19392.05,Good,Defaulted,0.13326068183223802,1.5991280674547999,Fair
CUST01622,26,Male,Mumbai,Self-Employed,473586.0,1025112,Home Loan,881.0,2,42713.0,Good,Approved,1.0822870608506163,2.1645741217012326,Excellent
CUST00071,44,Male,Kolkata,Salaried,249104.0,4267690,Home Loan,387.0,4,88910.21,Good,Defaulted,4.283040497141756,17.132161667416018,Poor
CUST01107,49,Male,Chennai,Business Owner,2339879.0,3568920,Business Loan,566.0,3,99136.67,Good,Rejected,0.5084194695537675,1.5252583573765994,Fair
CUST01363,64,Female,Lucknow,Self-Employed,1606978.0,2995081,Car Loan,399.0,9,27732.23,Delayed,Defaulted,0.20708856001762316,1.863797139724377,Poor
CUST00351,46,Male,Ahmedabad,Salaried,1203171.0,1328673,Personal Loan,808.0,14,7908.77,Missed,Defaulted,0.07887926155135055,1.1043093625095686,Excellent
CUST01392,37,Female,Lucknow,Business Owner,2236982.0,3596293,Personal Loan,679.0,7,42813.01,Excellent,Rejected,0.2296648430787552,1.607653973076225,Good
CUST01088,64,Female,Mumbai,Salaried,1561871.0,1654592,Business Loan,661.0,8,17235.33,Good,Rejected,0.13242064165350403,1.0593653381105097,Good
CUST00066,35,Female,Ahmedabad,Self-Employed,395246.0,638574,Business Loan,528.0,9,5912.72,Good,Rejected,0.17951513740809522,1.6156368438896282,Poor
CUST00980,24,Female,Hyderabad,Freelancer,1993795.0,1596064,Education Loan,510.0,5,26601.07,Excellent,Rejected,0.16010313999182463,0.8005155996479076,Poor
CUST00125,48,Male,Ahmedabad,Salaried,1035036.0,2685466,Home Loan,468.0,8,27973.6,Excellent,Defaulted,0.3243203134963421,2.5945628944307253,Poor
CUST01269,61,Female,Mumbai,Salaried,1911952.0,1821503,Personal Loan,826.0,3,50597.31,Delayed,Rejected,0.317564311237939,0.9526928500297078,Excellent
CUST01682,45,Female,Mumbai,Business Owner,1985818.0,1016325,Personal Loan,437.0,1,84693.75,Delayed,Defaulted,0.5117916143372655,0.5117916143372655,Poor
CUST01316,38,Female,Mumbai,Freelancer,962371.0,878411,Personal Loan,811.0,16,4575.06,Good,Approved,0.057047354918217615,0.9127571383593229,Excellent
CUST00544,35,Male,Chennai,Business Owner,1357588.5,4511902,Car Loan,846.0,9,41776.87,Delayed,Defaulted,0.3692742241113563,3.323468046466216,Excellent
CUST00874,41,Female,Kolkata,Salaried,392512.0,3974152,Business Loan,661.0,8,41397.42,Good,Defaulted,1.2656149111364747,10.1249184738301,Good
CUST01492,53,Female,Hyderabad,Self-Employed,1353824.0,2167191,Home Loan,821.0,3,60199.75,Missed,Defaulted,0.5335974247760418,1.6007922743281253,Excellent
CUST01944,59,Male,Ahmedabad,Business Owner,555054.0,3397526,Business Loan,538.0,15,18875.14,Delayed,Defaulted,0.4080714308878055,6.1210729046182895,Poor
CUST01621,40,Female,Kolkata,Freelancer,2177334.0,3850760,Home Loan,800.0,19,16889.3,Missed,Defaulted,0.09308245772123155,1.7685665129924946,Excellent
CUST00375,36,Male,Jaipur,Business Owner,1063403.0,2871839,Business Loan,728.0,15,15954.66,Delayed,Rejected,0.18004079356556263,2.7006120915588916,Good
CUST01248,61,Female,Mumbai,Freelancer,1558097.0,3133128,Business Loan,801.0,5,52218.8,Good,Approved,0.40217367724859243,2.010868386242962,Excellent
CUST00213,27,Female,Delhi,Freelancer,1956124.0,4159404,Business Loan,389.0,13,26662.85,Delayed,Defaulted,0.16356539769462466,2.1263498633010993,Poor
CUST00875,49,Male,Pune,Freelancer,1161703.0,958017,Car Loan,732.0,15,5322.32,Delayed,Approved,0.05497776970533776,0.8246660290969379,Good
CUST00325,24,Female,Lucknow,Freelancer,1221318.0,2856284,Education Loan,816.0,15,15868.24,Good,Approved,0.15591261244000335,2.338689841630108,Excellent
CUST00030,49,Male,Lucknow,Self-Employed,2149022.0,4713062,Business Loan,745.0,14,28053.94,Missed,Defaulted,0.15665138839900195,2.1931194748122635,Good
CUST01836,31,Male,Chennai,Business Owner,2232816.0,3126263,Home Loan,847.0,5,52104.38,Excellent,Approved,0.2800286991852441,1.4001435854992081,Excellent
CUST00781,22,Male,Jaipur,Business Owner,325149.0,220948,Business Loan,414.0,12,1534.36,Good,Defaulted,0.0566273308544698,0.6795284623357292,Poor
CUST00290,43,Female,Hyderabad,Freelancer,919401.0,969134,Education Loan,492.0,10,8076.12,Delayed,Defaulted,0.10540932628961683,1.054092827830294,Poor
CUST01264,32,Male,Jaipur,Salaried,2430324.0,2752303,Personal Loan,795.0,17,13491.68,Good,Approved,0.06661669802051084,1.1324839815596603,Excellent
CUST00496,30,Male,Delhi,Freelancer,2327599.0,4694081,Home Loan,576.0,12,32597.78,Excellent,Rejected,0.16805874207713614,2.016705197072176,Fair
CUST00271,39,Male,Lucknow,Salaried,902436.0,4280987,Car Loan,306.0,14,25482.07,Excellent,Defaulted,0.33884379612515453,4.7438123035871795,Poor
CUST00965,59,Male,Delhi,Self-Employed,2129341.0,2048547,Home Loan,857.0,19,8984.86,Good,Approved,0.050634595398294596,0.9620568053684215,Excellent
CUST00353,34,Female,Delhi,Self-Employed,1570485.0,3507521,Education Loan,574.0,17,17193.73,Good,Rejected,0.13137646013811022,2.2333998732875515,Fair
CUST00101,28,Female,Jaipur,Salaried,404451.0,2548578,Home Loan,638.0,11,19307.41,Excellent,Defaulted,0.5728479346076533,6.3013269839857,Fair
CUST00737,63,Female,Lucknow,Salaried,1416593.0,3621387,Education Loan,372.0,13,23214.02,Good,Defaulted,0.19664663033065954,2.556406109588287,Poor
CUST00255,24,Male,Delhi,Salaried,794305.0,345599,Education Loan,827.0,14,2057.14,Delayed,Rejected,0.03107833892522394,0.4350960902927717,Excellent
CUST01423,55,Male,Ahmedabad,Freelancer,2101740.0,3332808,Personal Loan,765.0,13,21364.15,Delayed,Approved,0.12197978817551172,1.5857375317593994,Excellent
CUST00586,60,Female,Mumbai,Self-Employed,1426408.0,4827421,Education Loan,599.0,14,28734.65,Good,Rejected,0.24173714673501553,3.3843199140778797,Fair
CUST00553,33,Male,Delhi,Self-Employed,1353824.0,2927429,Education Loan,842.0,13,18765.57,Delayed,Approved,0.1663339104639894,2.162340895123738,Excellent
CUST00744,31,Female,Jaipur,Salaried,783098.0,4518653,Car Loan,613.0,1,376554.42,Missed,Defaulted,5.770226765998636,5.770226714919461,Fair
CUST00057,27,Female,Jaipur,Business Owner,1282660.0,4181146,Education Loan,642.0,10,34842.88,Excellent,Approved,0.3259745840674847,3.2597461525267803,Fair
CUST00394,40,Female,Jaipur,Self-Employed,832543.0,4450852,Home Loan,570.0,13,28531.1,Missed,Defaulted,0.41123785798451246,5.346092634254327,Fair
CUST01365,47,Female,Kolkata,Freelancer,1063659.0,674773,Business Loan,604.0,15,3748.74,Delayed,Rejected,0.04229257685028754,0.6343884647241268,Fair
CUST00614,62,Female,Lucknow,Business Owner,2131342.0,3898189,Car Loan,453.0,17,19108.77,Good,Defaulted,0.10758725723042102,1.8289833353821208,Poor
CUST01002,31,Male,Jaipur,Self-Employed,1657640.0,3868971,Personal Loan,443.0,9,35823.81,Missed,Defaulted,0.2593359957529982,2.3340236722086822,Poor
CUST01024,26,Male,Chennai,Business Owner,1742247.0,2469493,Home Loan,693.0,9,22865.68,Delayed,Rejected,0.15749096425478135,1.4174184257456033,Good
CUST01713,55,Female,Chennai,Self-Employed,2022744.0,2951884,Home Loan,658.0,5,49198.07,Good,Approved,0.29186928251919175,1.459346313720372,Good
CUST00681,52,Male,Ahmedabad,Business Owner,719165.0,921158,Personal Loan,346.0,10,7676.32,Delayed,Defaulted,0.12808721225309908,1.2808715663303971,Poor
CUST01564,57,Female,Chennai,Self-Employed,612672.0,1431710,Home Loan,361.0,10,11930.92,Good,Defaulted,0.2336830147289251,2.3368294944113654,Poor
CUST01524,64,Female,Bangalore,Salaried,2489181.0,102949,Car Loan,530.0,17,504.65,Missed,Defaulted,0.0024328483947129594,0.04135858340554584,Poor
CUST01898,29,Female,Lucknow,Salaried,1652591.0,820348,Business Loan,721.0,2,34181.17,Missed,Defaulted,0.2482005771542989,0.4964011058997659,Good
CUST00535,33,Male,Ahmedabad,Salaried,1152246.0,2055534,Car Loan,792.0,7,24470.64,Excellent,Approved,0.25484807931639597,1.7839367635036267,Excellent
CUST00308,38,Male,Ahmedabad,Business Owner,1255675.0,1866760,Home Loan,594.0,9,17284.81,Excellent,Rejected,0.16518423955243197,1.4866585700917834,Fair
CUST00969,54,Female,Ahmedabad,Self-Employed,1533572.0,4379454,Education Loan,554.0,17,21467.91,Missed,Defaulted,0.16798358342484082,2.855721152968364,Fair
CUST01469,63,Female,Mumbai,Salaried,828889.0,1621480,Car Loan,435.0,2,67561.67,Excellent,Defaulted,0.978104474784923,1.9562088530551136,Poor
CUST01936,34,Female,Kolkata,Self-Employed,1367272.0,3971087,Car Loan,594.0,5,66184.78,Delayed,Rejected,0.5808773674879614,2.904386983716481,Fair
CUST00549,50,Male,Lucknow,Business Owner,858003.0,482829,Home Loan,483.0,7,5747.96,Delayed,Defaulted,0.08039076786444803,0.5627357946300887,Poor
CUST01126,35,Male,Mumbai,Freelancer,1185132.0,3331837,Home Loan,319.0,4,69413.27,Delayed,Defaulted,0.7028408987353307,2.8113636286928374,Poor
CUST00412,43,Male,Delhi,Salaried,2364412.0,3196779,Car Loan,883.0,17,15670.49,Delayed,Approved,0.07953177365027754,1.3520397460341091,Excellent
CUST01407,46,Female,Hyderabad,Freelancer,1973055.0,4791875,Car Loan,702.0,15,26621.53,Excellent,Approved,0.16191051947360818,2.4286575893728255,Good
CUST01419,60,Male,Chennai,Freelancer,2006684.0,4827347,Home Loan,693.0,17,23663.47,Missed,Defaulted,0.1415079005962075,2.405633871601109,Good
CUST01250,33,Male,Pune,Salaried,1494315.0,3144510,Personal Loan,486.0,12,21836.88,Missed,Defaulted,0.17535965308519288,2.1043153551961935,Poor
CUST01952,62,Male,Pune,Salaried,642899.0,3043220,Personal Loan,464.0,14,18114.4,Missed,Defaulted,0.3381134517241433,4.733589568501428,Poor
CUST00257,45,Female,Delhi,Business Owner,1482789.0,647904,Car Loan,444.0,13,4153.23,Delayed,Defaulted,0.03361149833185976,0.4369495592427513,Poor
CUST01086,48,Male,Mumbai,Self-Employed,417770.0,1458277,Home Loan,704.0,13,9347.93,Good,Rejected,0.2685093711851019,3.4906216339133973,Good
CUST00731,55,Female,Bangalore,Business Owner,643316.0,2340146,Personal Loan,688.0,3,65004.06,Excellent,Approved,1.2125436332999646,3.6376306511885295,Good
CUST01495,61,Female,Pune,Salaried,1719593.0,1589663,Personal Loan,494.0,2,66235.96,Good,Defaulted,0.4622207231594918,0.9244414230576654,Poor
CUST01857,58,Female,Jaipur,Freelancer,390920.0,1836852,Personal Loan,355.0,12,12755.92,Excellent,Defaulted,0.39156615164227976,4.698792591834646,Poor
CUST00345,64,Female,Jaipur,Salaried,1457008.0,4482027,Business Loan,497.0,12,31125.19,Excellent,Defaulted,0.25634881894951844,3.076185580312531,Poor
CUST01961,36,Male,Bangalore,Business Owner,2062205.0,2598600,Car Loan,538.0,1,216550.0,Good,Rejected,1.2601075062857476,1.2601075062857476,Poor
CUST01424,46,Female,Jaipur,Business Owner,1654089.0,2019412,Personal Loan,758.0,12,14023.69,Missed,Defaulted,0.10173834660650062,1.2208605461979374,Excellent
CUST01890,59,Female,Delhi,Self-Employed,1349122.0,3799199,Home Loan,752.0,14,22614.28,Delayed,Approved,0.20114664203830343,2.8160529588873358,Excellent
CUST01186,26,Female,Ahmedabad,Salaried,2463429.0,4594350,Home Loan,700.0,10,38286.25,Excellent,Approved,0.18650222920977222,1.8650222920977224,Good
CUST01478,36,Male,Hyderabad,Salaried,2390482.0,4467338,Car Loan,673.0,18,20682.12,Excellent,Rejected,0.10382234210506501,1.8688021913572241,Good
CUST01994,55,Female,Pune,Business Owner,1357588.5,1893529,Business Loan,359.0,1,157794.08,Excellent,Defaulted,1.3947738655711948,1.394773895035204,Poor
CUST01780,41,Female,Bangalore,Freelancer,1423451.0,99768,Home Loan,574.0,17,489.06,Delayed,Rejected,0.004122881644679023,0.0700888193552149,Fair
CUST00300,51,Male,Delhi,Salaried,420169.0,1367621,Business Loan,744.0,15,7597.89,Delayed,Approved,0.2169952566705302,3.254930754053726,Good
CUST01119,50,Female,Ahmedabad,Self-Employed,2232714.0,3473994,Education Loan,838.0,13,22269.19,Delayed,Rejected,0.11968854049376676,1.5559511876577117,Excellent
CUST01926,26,Male,Bangalore,Salaried,1108380.0,800774,Personal Loan,390.0,6,11121.86,Missed,Defaulted,0.12041206084555839,0.7224724372507624,Poor
CUST01300,58,Female,Ahmedabad,Self-Employed,1836974.0,4563207,Personal Loan,314.0,10,38026.72,Excellent,Defaulted,0.24840887241735593,2.4840890507976705,Poor
CUST00070,35,Male,Pune,Freelancer,1066964.0,2632985,Personal Loan,701.0,4,54853.85,Excellent,Rejected,0.6169338421914891,2.4677355562137056,Good
CUST01568,33,Male,Pune,Freelancer,1758141.0,2268787,Personal Loan,897.0,9,21007.29,Delayed,Approved,0.14338297099038133,1.2904465569030015,Excellent
CUST00573,38,Female,Ahmedabad,Self-Employed,480466.0,718629,Personal Loan,668.0,16,3742.86,Missed,Defaulted,0.09348074577597583,1.4956916826580862,Good
CUST01884,46,Female,Pune,Self-Employed,297406.0,2163048,Home Loan,703.0,5,36050.8,Missed,Defaulted,1.4546095236814323,7.27304761840716,Good
CUST01152,44,Male,Lucknow,Business Owner,1731192.0,3525488,Personal Loan,511.0,16,18361.92,Good,Rejected,0.12727822217293056,2.0364511850794136,Poor
CUST01477,45,Female,Chennai,Salaried,2030791.0,4663311,Business Loan,607.0,4,97152.31,Good,Rejected,0.574075677900877,2.2963027706937837,Fair
CUST00880,51,Female,Delhi,Freelancer,910644.0,1733032,Home Loan,413.0,5,28883.87,Missed,Defaulted,0.38061683819363,1.903083971343357,Poor
CUST01768,36,Female,Delhi,Salaried,1525644.0,3301830,Home Loan,569.0,16,17197.03,Delayed,Rejected,0.13526377057819516,2.1642204865617405,Fair
CUST00819,36,Male,Mumbai,Self-Employed,2434805.0,1885295,Car Loan,624.0,3,52369.31,Delayed,Approved,0.25810351136949367,0.7743104683947996,Fair
CUST00481,47,Female,Delhi,Business Owner,1985516.0,1677059,Business Loan,862.0,6,23292.49,Good,Approved,0.1407744284105492,0.8446464294420191,Excellent
CUST00100,49,Female,Bangalore,Salaried,1260899.0,3790030,Business Loan,312.0,6,52639.31,Excellent,Defaulted,0.5009693242678438,3.005815691819884,Poor
CUST00608,58,Female,Bangalore,Salaried,1024255.0,1815317,Personal Loan,486.0,2,75638.21,Excellent,Defaulted,0.8861645976831941,1.7723291563136132,Poor
CUST00742,31,Male,Hyderabad,Salaried,1073093.0,82766,Home Loan,366.0,18,383.18,Excellent,Defaulted,0.004284959458313492,0.07712845019024446,Poor
CUST01631,33,Male,Mumbai,Salaried,445300.0,4661008,Business Loan,633.0,9,43157.48,Delayed,Defaulted,1.1630131596676399,10.46711879631709,Fair
CUST01665,38,Female,Chennai,Salaried,1755537.0,3529799,Business Loan,656.0,3,98049.97,Excellent,Rejected,0.6702220688028792,2.0106662519787393,Good
CUST00562,30,Male,Jaipur,Self-Employed,451351.0,616510,Car Loan,763.0,11,4670.53,Good,Approved,0.12417466672279445,1.3659214225735625,Excellent
CUST00112,43,Female,Bangalore,Freelancer,1042981.0,1734449,Education Loan,581.0,6,24089.57,Delayed,Rejected,0.27716213430541875,1.6629727674809034,Fair
CUST01023,48,Male,Delhi,Freelancer,2055227.0,3932506,Car Loan,532.0,9,36412.09,Excellent,Rejected,0.21260185857815217,1.913416863441362,Poor
CUST00240,56,Male,Delhi,Freelancer,2133731.0,4958951,Car Loan,777.0,11,37567.81,Missed,Defaulted,0.2112795474218634,2.3240750591335084,Excellent
CUST01212,30,Male,Ahmedabad,Freelancer,2395690.0,1634645,Education Loan,682.0,3,45406.81,Delayed,Approved,0.227442498820799,0.6823274296757927,Good
CUST00129,47,Male,Jaipur,Freelancer,1505487.0,1596933,Home Loan,339.0,10,13307.78,Missed,Defaulted,0.10607422050140587,1.0607418064719256,Poor
CUST01972,56,Female,Jaipur,Self-Employed,1034440.0,4739133,Education Loan,844.0,13,30379.06,Missed,Defaulted,0.35241166234871046,4.581351262518851,Excellent
CUST01950,39,Female,Hyderabad,Self-Employed,2214017.0,1252532,Business Loan,786.0,3,34792.56,Excellent,Approved,0.1885761130108757,0.5657282667657927,Excellent
CUST00508,33,Female,Bangalore,Salaried,1939461.0,4736134,Business Loan,772.0,17,23216.34,Excellent,Approved,0.1436461367359282,2.4419846544993686,Excellent
CUST01905,22,Male,Chennai,Freelancer,320076.0,2158701,Home Loan,865.0,18,9993.99,Missed,Defaulted,0.37468563716117426,6.7443388445244254,Excellent
CUST01259,22,Male,Chennai,Business Owner,488816.0,2251016,Personal Loan,385.0,1,187584.67,Good,Defaulted,4.605037560145331,4.605037478314949,Poor
CUST01960,42,Female,Bangalore,Salaried,1721722.0,2118884,Home Loan,877.0,16,11035.85,Good,Approved,0.07691729559127432,1.2306771941114767,Excellent
CUST00707,55,Male,Bangalore,Self-Employed,2331018.0,2782406,Personal Loan,693.0,13,17835.94,Delayed,Rejected,0.09181880191401352,1.1936441503240216,Good
CUST01826,56,Female,Ahmedabad,Freelancer,1391855.0,2927668,Home Loan,424.0,18,13554.02,Missed,Defaulted,0.11685717262214813,2.10342887728966,Poor
CUST01672,59,Male,Mumbai,Business Owner,1294409.0,516995,Business Loan,798.0,1,43082.92,Missed,Defaulted,0.3994062464027985,0.3994062155006648,Excellent
CUST00520,40,Male,Lucknow,Business Owner,1357588.5,4524843,Car Loan,647.0,19,19845.8,Good,Defaulted,0.1754210498984044,3.333000390029821,Fair
CUST00987,51,Male,Chennai,Salaried,2430393.0,1756930,Home Loan,468.0,8,18301.35,Excellent,Defaulted,0.09036242286741279,0.7228995475217382,Poor
CUST00941,29,Male,Delhi,Self-Employed,1234262.0,1646246,Education Loan,357.0,13,10552.86,Missed,Defaulted,0.10259922123503762,1.3337897464233688,Poor
CUST01827,58,Female,Bangalore,Freelancer,1674620.0,856017,Education Loan,378.0,13,5487.29,Excellent,Defaulted,0.03932084890900622,0.5111708925009854,Poor
CUST00904,64,Male,Ahmedabad,Self-Employed,1719825.0,192157,Education Loan,391.0,14,1143.79,Excellent,Defaulted,0.00798074222668004,0.11173055398078292,Poor
CUST01108,61,Female,Lucknow,Self-Employed,1780932.0,4078604,Home Loan,368.0,4,84970.92,Good,Defaulted,0.5725378846581453,2.2901514487919807,Poor
CUST01064,47,Female,Kolkata,Freelancer,1391855.0,2416304,Car Loan,328.0,17,11844.63,Good,Defaulted,0.10211951676000733,1.7360314113179893,Poor
CUST00368,44,Male,Kolkata,Business Owner,615384.0,4890349,Car Loan,722.0,16,25470.57,Delayed,Defaulted,0.49667661167661165,7.946825071825072,Good
CUST00367,53,Female,Lucknow,Self-Employed,1424648.0,1570180,Car Loan,828.0,1,130848.33,Excellent,Approved,1.1021529247926505,1.1021529528697616,Excellent
CUST01422,34,Female,Kolkata,Business Owner,1594316.0,3269598,Education Loan,404.0,12,22705.54,Missed,Defaulted,0.17089866751635183,2.0507841607309967,Poor
CUST00675,22,Male,Chennai,Business Owner,1649796.0,2730259,Personal Loan,560.0,12,18960.13,Excellent,Rejected,0.1379089051009943,1.6549070309298846,Fair
CUST01813,59,Male,Kolkata,Freelancer,970692.0,1930164,Car Loan,655.0,9,17871.89,Delayed,Rejected,0.22093792881779184,1.9884412357369794,Good
CUST01513,57,Female,Hyderabad,Freelancer,1595796.0,2546589,Personal Loan,379.0,18,11789.76,Delayed,Defaulted,0.08865614401840836,1.5958111187144222,Poor
CUST00597,34,Female,Lucknow,Salaried,1838497.0,3760879,Car Loan,391.0,6,52234.43,Missed,Defaulted,0.3409378204043847,2.0456269441832107,Poor
CUST01197,59,Male,Mumbai,Business Owner,1748485.0,741252,Home Loan,787.0,7,8824.43,Delayed,Approved,0.06056280723025934,0.4239395819809721,Excellent
CUST01527,52,Female,Mumbai,Business Owner,1731064.0,3604184,Education Loan,389.0,15,20023.24,Excellent,Defaulted,0.13880415744305236,2.0820628237892995,Poor
CUST00465,22,Female,Jaipur,Self-Employed,1538486.0,4511213,Business Loan,802.0,15,25062.29,Good,Approved,0.19548275382421418,2.932241827354945,Excellent
CUST01677,59,Male,Mumbai,Self-Employed,1863129.0,3424775,Personal Loan,499.0,15,19026.53,Good,Defaulted,0.12254565303851746,1.838184580885167,Poor
CUST01803,29,Female,Mumbai,Freelancer,1945030.0,4336476,Business Loan,700.0,5,72274.6,Excellent,Rejected,0.4459032508496013,2.2295162542480065,Good
CUST01053,30,Male,Chennai,Business Owner,238635.0,1440598,Personal Loan,596.0,13,9234.6,Good,Defaulted,0.46437111069206116,6.036826115196849,Fair
CUST01975,32,Male,Mumbai,Salaried,1697404.0,948704,Personal Loan,500.0,12,6588.22,Excellent,Rejected,0.046576206960747116,0.5589146720521455,Poor
CUST00486,28,Male,Bangalore,Business Owner,2373408.0,942015,Home Loan,818.0,14,5607.23,Delayed,Approved,0.028350271002710026,0.3969039457185617,Excellent
CUST00916,41,Male,Jaipur,Self-Employed,884029.0,103687,Personal Loan,841.0,11,785.51,Excellent,Approved,0.010662681880345554,0.11728913870472575,Excellent
CUST01265,61,Male,Ahmedabad,Self-Employed,393069.0,2487587,Home Loan,399.0,2,103649.46,Excellent,Defaulted,3.1643134411515534,6.328626780539803,Poor
CUST00679,38,Male,Mumbai,Salaried,1416593.0,4862066,Education Loan,720.0,3,135057.39,Excellent,Defaulted,1.1440750307251273,3.432225063938619,Good
CUST00830,38,Female,Bangalore,Business Owner,562455.0,3654724,Personal Loan,765.0,17,17915.31,Good,Defaulted,0.3822238579086327,6.497806935665964,Excellent
CUST00923,36,Male,Delhi,Business Owner,1192382.0,2069450,Education Loan,361.0,1,172454.17,Missed,Defaulted,1.7355596109300544,1.735559577383758,Poor
CUST01113,51,Female,Pune,Salaried,1587784.0,2942531,Business Loan,519.0,11,22291.9,Delayed,Rejected,0.16847556090752902,1.8532312959445365,Poor
CUST00619,24,Male,Delhi,Self-Employed,489768.0,3913741,Home Loan,648.0,1,326145.08,Missed,Defaulted,7.9910099475670116,7.991010029238333,Fair
CUST00772,40,Male,Mumbai,Freelancer,1384141.0,1747818,Education Loan,846.0,4,36412.88,Good,Approved,0.31568645101907966,1.2627456306835791,Excellent
CUST01287,30,Male,Ahmedabad,Self-Employed,2411549.0,2065726,Personal Loan,573.0,13,13241.83,Missed,Rejected,0.06589207185920751,0.8565971497987394,Fair
CUST01545,45,Female,Jaipur,Freelancer,515018.0,3758201,Business Loan,844.0,7,44740.49,Excellent,Defaulted,1.0424604188591466,7.2972226213452736,Excellent
CUST00594,60,Female,Pune,Business Owner,1771951.0,2760864,Home Loan,594.0,9,25563.56,Excellent,Rejected,0.17312144636053708,1.5580927463569816,Fair
CUST00116,56,Male,Mumbai,Salaried,1748075.0,3049610,Personal Loan,450.0,16,15883.39,Delayed,Defaulted,0.10903461235930952,1.7445532943380575,Poor
CUST00768,24,Male,Jaipur,Salaried,1458870.0,1966334,Car Loan,748.0,4,40965.29,Good,Approved,0.33696181290999194,1.3478473064769307,Good
CUST01858,33,Female,Jaipur,Self-Employed,1098332.0,4586857,Car Loan,502.0,13,29402.93,Missed,Defaulted,0.32124636266629764,4.176202641824148,Poor
CUST00901,32,Female,Hyderabad,Self-Employed,455948.0,3096555,Car Loan,612.0,19,13581.38,Missed,Defaulted,0.35744549817084403,6.791465254809759,Fair
CUST01947,40,Female,Kolkata,Self-Employed,880667.0,739925,Home Loan,752.0,11,5605.49,Good,Approved,0.07638060697176118,0.8401870400503255,Excellent
CUST01441,56,Male,Chennai,Salaried,306611.0,3829044,Personal Loan,454.0,7,45583.86,Good,Defaulted,1.784040102931728,12.488279937771313,Poor
CUST01791,27,Male,Lucknow,Business Owner,1843707.0,4643321,Business Loan,888.0,6,64490.57,Delayed,Approved,0.41974502456192875,2.5184701256761515,Excellent
CUST00889,47,Female,Ahmedabad,Salaried,485521.0,1302390,Car Loan,471.0,16,6783.28,Missed,Defaulted,0.16765363393138505,2.682458637216516,Poor
CUST00212,30,Male,Mumbai,Salaried,451537.0,2434775,Personal Loan,469.0,9,22544.21,Missed,Defaulted,0.5991325627800158,5.392193773710681,Poor
CUST00451,23,Male,Mumbai,Salaried,1782460.0,594026,Education Loan,477.0,6,8250.36,Excellent,Defaulted,0.05554364193305881,0.3332618964801454,Poor
CUST01177,44,Male,Lucknow,Self-Employed,1098488.0,521761,Business Loan,359.0,10,4348.01,Missed,Defaulted,0.04749812469503536,0.4749810648819104,Poor
CUST00706,47,Male,Bangalore,Freelancer,868590.0,3061165,Home Loan,570.0,17,15005.71,Missed,Defaulted,0.20731129762028114,3.524292243751367,Fair
CUST01286,23,Female,Ahmedabad,Salaried,1115113.0,1693083,Business Loan,528.0,3,47030.08,Excellent,Rejected,0.5061020362958731,1.5183062165000318,Poor
CUST01095,50,Female,Delhi,Salaried,518766.0,4266794,Business Loan,316.0,8,44445.77,Good,Defaulted,1.0281114028290212,8.22489137684428,Poor
CUST00211,54,Male,Pune,Salaried,752467.0,402365,Education Loan,550.0,12,2794.2,Good,Rejected,0.044560625250010956,0.5347277687925185,Fair
CUST00121,26,Male,Mumbai,Business Owner,471830.0,1035257,Car Loan,696.0,17,5074.79,Missed,Defaulted,0.1290665705868639,2.1941313608715003,Good
CUST01376,37,Male,Delhi,Self-Employed,2021367.0,2978785,Car Loan,489.0,15,16548.81,Missed,Defaulted,0.09824327794012667,1.4736487733301276,Poor
CUST01641,36,Male,Lucknow,Salaried,1190029.0,1913907,Personal Loan,412.0,6,26582.04,Missed,Defaulted,0.2680476526202302,1.6082860165592603,Poor
CUST01714,63,Female,Hyderabad,Freelancer,2491136.0,4077187,Car Loan,826.0,12,28313.8,Missed,Defaulted,0.13638982375912032,1.6366778048247868,Excellent
CUST00298,55,Female,Hyderabad,Self-Employed,1252207.0,3250450,Education Loan,873.0,7,38695.83,Delayed,Approved,0.3708252389580956,2.5957768963118717,Excellent
CUST00788,47,Female,Jaipur,Business Owner,2124717.0,4635315,Personal Loan,781.0,4,96569.06,Excellent,Approved,0.5454037973057118,2.1816152457009568,Excellent
CUST00136,51,Male,Hyderabad,Business Owner,2484146.0,50917,Education Loan,325.0,16,265.19,Delayed,Defaulted,0.0012810358167354092,0.02049678239523764,Poor
CUST00484,55,Female,Ahmedabad,Salaried,861616.0,347584,Car Loan,631.0,9,3218.37,Missed,Defaulted,0.044823262334961284,0.4034094074390448,Fair
CUST01934,62,Female,Pune,Salaried,1429458.0,271421,Home Loan,655.0,6,3769.74,Delayed,Rejected,0.03164617638293675,0.18987686241918267,Good
CUST00299,42,Male,Ahmedabad,Self-Employed,504224.0,2329042,Home Loan,778.0,19,10215.1,Good,Rejected,0.24310861839182588,4.619062162848258,Excellent
CUST00395,49,Female,Jaipur,Salaried,651157.0,4695287,Education Loan,718.0,2,195636.96,Delayed,Defaulted,3.605341753217734,7.21068344500635,Good
CUST01165,64,Male,Pune,Salaried,2174324.0,1778782,Personal Loan,826.0,19,7801.68,Excellent,Approved,0.043057134079373637,0.8180850691985188,Excellent
CUST01345,44,Female,Kolkata,Salaried,1796853.0,1538303,Education Loan,620.0,3,42730.64,Delayed,Rejected,0.2853698549630938,0.8561095426281393,Fair
CUST00803,35,Female,Delhi,Salaried,1569363.0,4772340,Education Loan,754.0,5,79539.0,Good,Approved,0.6081881629680322,3.040940814840161,Excellent
CUST00985,50,Male,Lucknow,Salaried,982877.0,2216791,Personal Loan,712.0,1,184732.58,Good,Approved,2.2554103514478414,2.2554103921446935,Good
CUST00110,56,Female,Mumbai,Freelancer,1547098.0,1972967,Home Loan,784.0,10,16441.39,Excellent,Approved,0.12752694399449807,1.2752695692192737,Excellent
CUST00991,50,Female,Chennai,Self-Employed,1934339.0,1859771,Education Loan,837.0,19,8156.89,Good,Approved,0.05060265031103649,0.9614503972674904,Excellent
CUST00620,37,Female,Delhi,Business Owner,2468185.0,194771,Car Loan,481.0,6,2705.15,Missed,Defaulted,0.01315209354242085,0.07891264228572818,Poor
CUST00555,31,Male,Delhi,Self-Employed,2292101.0,3073504,Car Loan,536.0,13,19701.95,Delayed,Rejected,0.10314702537104604,1.3409112425674086,Poor
CUST00423,26,Male,Ahmedabad,Business Owner,1357588.5,2067337,Education Loan,478.0,10,17227.81,Excellent,Defaulted,0.15228010549588483,1.5228009076388023,Poor
CUST00760,37,Male,Mumbai,Business Owner,614994.0,3000214,Personal Loan,416.0,17,14706.93,Excellent,Defaulted,0.2869672874857316,4.878444342546431,Poor
CUST00600,54,Male,Delhi,Business Owner,2390421.0,2209932,Home Loan,488.0,13,14166.23,Missed,Defaulted,0.07111498769463621,0.924494890230633,Poor
CUST01010,50,Male,Mumbai,Freelancer,1974329.0,2724415,Car Loan,724.0,12,18919.55,Good,Approved,0.11499329645666957,1.3799194561797958,Good
CUST00234,49,Male,Kolkata,Self-Employed,1109711.0,3951403,Business Loan,379.0,13,25329.51,Excellent,Defaulted,0.2739038542467363,3.5607496005716803,Poor
CUST01489,34,Male,Hyderabad,Self-Employed,1624663.0,819565,Car Loan,538.0,17,4017.48,Missed,Defaulted,0.029673698483931747,0.5044523079555575,Poor
CUST00603,53,Male,Mumbai,Business Owner,2445218.0,3584150,Business Loan,427.0,18,16593.29,Missed,Defaulted,0.08143219950123057,1.4657793292867958,Poor
CUST00967,44,Male,Delhi,Business Owner,1758309.0,4175279,Personal Loan,577.0,9,38659.99,Delayed,Rejected,0.26384434135297036,2.374599117674993,Fair
CUST01176,54,Male,Kolkata,Self-Employed,1076110.0,878282,Education Loan,752.0,2,36595.08,Missed,Defaulted,0.4080818503684568,0.8161637750787559,Excellent
CUST00307,56,Male,Chennai,Salaried,1927408.0,375437,Home Loan,745.0,9,3476.27,Missed,Defaulted,0.021643180893718403,0.19478854503042428,Good
CUST00758,52,Female,Delhi,Self-Employed,715693.0,859359,Home Loan,876.0,6,11935.54,Missed,Defaulted,0.2001227900789864,1.2007369081435755,Excellent
CUST01984,47,Male,Hyderabad,Salaried,1731583.0,3619769,Business Loan,619.0,16,18852.96,Good,Approved,0.13065242613261968,2.090439210826163,Fair
CUST01583,50,Male,Delhi,Business Owner,512863.0,1517256,Business Loan,553.0,6,21073.0,Missed,Defaulted,0.4930673493701047,2.958404096220628,Fair
CUST01074,47,Female,Ahmedabad,Business Owner,1222892.0,3327746,Personal Loan,531.0,13,21331.71,Missed,Defaulted,0.20932389777674562,2.721210049620081,Poor
CUST01745,33,Male,Mumbai,Business Owner,2357280.0,781636,Personal Loan,309.0,3,21712.11,Delayed,Defaulted,0.11052794746487478,0.331583859363334,Poor
CUST00621,44,Male,Kolkata,Self-Employed,1761456.0,1058923,Personal Loan,478.0,13,6787.97,Missed,Defaulted,0.04624335776766493,0.6011634693117512,Poor
CUST00888,27,Female,Delhi,Freelancer,2364563.0,2233955,Personal Loan,594.0,8,23270.36,Good,Rejected,0.11809552970252854,0.9447644237011237,Fair
CUST00539,44,Male,Mumbai,Salaried,1167561.0,3905798,Home Loan,652.0,16,20342.7,Missed,Defaulted,0.20907892606895917,3.3452624745088264,Good
CUST00238,51,Female,Chennai,Salaried,1160612.0,2716981,Car Loan,751.0,2,113207.54,Good,Approved,1.1704949457699902,2.340989926004556,Excellent
CUST01721,30,Male,Mumbai,Freelancer,846047.0,2704074,Car Loan,722.0,10,22533.95,Delayed,Rejected,0.3196127401905568,3.196127401905568,Good
CUST00940,50,Male,Lucknow,Salaried,1416593.0,4019579,Car Loan,880.0,5,66992.98,Delayed,Rejected,0.5674994582071209,2.8374974322194166,Excellent
CUST00221,24,Male,Kolkata,Self-Employed,2296594.0,763340,Education Loan,498.0,17,3741.86,Missed,Defaulted,0.019551701345557813,0.332379166713838,Poor
CUST01978,35,Male,Mumbai,Self-Employed,1353824.0,4452910,Home Loan,693.0,14,26505.42,Excellent,Approved,0.2349382489895289,3.2891350722102723,Good
CUST01931,27,Female,Kolkata,Salaried,1714101.0,1434525,Home Loan,884.0,13,9195.67,Missed,Defaulted,0.06437662658151416,0.8368964255898573,Excellent
CUST00695,22,Male,Delhi,Freelancer,390237.0,4028966,Home Loan,832.0,16,20984.2,Excellent,Defaulted,0.6452755633115261,10.324407987966287,Excellent
CUST01106,43,Male,Bangalore,Business Owner,1368932.0,1613825,Car Loan,384.0,19,7078.18,Excellent,Defaulted,0.062047026441050396,1.1788934731600986,Poor
CUST00711,26,Male,Mumbai,Self-Employed,1716450.0,3957297,Personal Loan,594.0,11,29979.52,Good,Rejected,0.20959203006204666,2.305512540417723,Fair
CUST00631,49,Male,Ahmedabad,Freelancer,1150162.0,4717592,Personal Loan,710.0,12,32761.06,Missed,Defaulted,0.341806389013026,4.101676111712958,Good
CUST00977,60,Female,Ahmedabad,Business Owner,1028791.0,4016914,Personal Loan,580.0,12,27895.24,Good,Rejected,0.3253750081406233,3.9044995533592344,Fair
CUST01766,56,Female,Pune,Salaried,600826.0,3437990,Home Loan,767.0,12,23874.93,Delayed,Rejected,0.47684214731053587,5.72210590087646,Excellent
CUST00998,43,Male,Bangalore,Freelancer,1132477.0,187900,Car Loan,594.0,16,978.65,Good,Rejected,0.010370011929602102,0.165919484457521,Fair
CUST00050,56,Male,Kolkata,Freelancer,2462292.0,4653623,Personal Loan,409.0,14,27700.14,Delayed,Defaulted,0.13499685658727723,1.8899557810365302,Poor
CUST00232,22,Male,Bangalore,Freelancer,2175154.0,4030053,Personal Loan,679.0,1,335837.75,Delayed,Approved,1.8527667466303535,1.8527667466303535,Good
CUST00430,42,Male,Mumbai,Self-Employed,1907017.0,600242,Home Loan,466.0,15,3334.68,Delayed,Defaulted,0.02098364094289668,0.3147544043917805,Poor
CUST00276,62,Male,Hyderabad,Salaried,1384446.0,3871615,Education Loan,845.0,16,20164.66,Delayed,Approved,0.17478176830298905,2.796508495094789,Excellent
CUST01608,41,Female,Chennai,Self-Employed,1042840.0,4931539,Business Loan,415.0,2,205480.79,Excellent,Defaulted,2.364475355759273,4.728950749875341,Poor
CUST01650,46,Male,Lucknow,Freelancer,770508.0,4714759,Personal Loan,427.0,10,39289.66,Missed,Defaulted,0.6119026927689265,6.119026668120253,Poor
CUST01134,50,Female,Pune,Self-Employed,2009595.0,2317357,Business Loan,622.0,14,13793.79,Delayed,Approved,0.08236758152762125,1.1531462807182542,Fair
CUST01685,33,Female,Ahmedabad,Salaried,1968555.0,4969831,Business Loan,592.0,10,41415.26,Missed,Defaulted,0.25246087612487333,2.524608659651369,Fair
CUST01515,59,Male,Ahmedabad,Business Owner,2335730.0,1213951,Car Loan,776.0,10,10116.26,Good,Approved,0.05197309620546895,0.5197308764283542,Excellent
CUST00174,45,Male,Kolkata,Business Owner,867689.0,3181603,Car Loan,404.0,17,15596.09,Delayed,Defaulted,0.21569142861094243,3.666755023977485,Poor
CUST01199,30,Female,Chennai,Self-Employed,1107211.0,176202,Car Loan,372.0,18,815.75,Good,Defaulted,0.008841133261862463,0.15914039871352434,Poor
CUST01190,23,Female,Chennai,Business Owner,402346.0,2880514,Education Loan,697.0,18,13335.71,Delayed,Defaulted,0.3977385633260924,7.15929573054038,Good
CUST01844,51,Male,Lucknow,Freelancer,2314565.0,2083764,Business Loan,445.0,6,28941.17,Excellent,Defaulted,0.15004721837580712,0.9002832065636523,Poor
CUST01687,36,Male,Delhi,Self-Employed,1481506.0,1857317,Home Loan,610.0,17,9104.5,Good,Rejected,0.0737452295164515,1.2536682267908466,Fair
CUST00866,52,Female,Bangalore,Self-Employed,2332786.0,3962487,Home Loan,688.0,3,110069.08,Good,Approved,0.5662023691843143,1.6986071589935812,Good
CUST00248,58,Male,Delhi,Business Owner,1014037.0,546440,Personal Loan,768.0,11,4139.7,Excellent,Approved,0.04898874498662277,0.5388758003899266,Excellent
CUST01508,62,Male,Pune,Business Owner,1357588.5,2538144,Education Loan,417.0,8,26439.0,Good,Defaulted,0.23369968145723097,1.8695974516578477,Poor
CUST01454,30,Female,Chennai,Business Owner,1991376.0,296331,Car Loan,498.0,9,2743.81,Delayed,Defaulted,0.016534155277556827,0.1488071564586497,Poor
CUST00024,54,Female,Delhi,Salaried,900336.0,1820394,Education Loan,593.0,1,151699.5,Good,Rejected,2.0219051554086476,2.0219051554086476,Fair
CUST01569,43,Female,Hyderabad,Freelancer,2048058.0,2845766,Business Loan,681.0,18,13174.84,Missed,Defaulted,0.07719414196277645,1.3894948287597324,Good
CUST00943,62,Female,Bangalore,Salaried,215434.0,4955727,Personal Loan,629.0,13,31767.48,Good,Defaulted,1.7694967368196293,23.00345813567032,Fair
CUST00064,31,Female,Ahmedabad,Business Owner,1357588.5,3271131,Business Loan,557.0,11,24781.3,Good,Rejected,0.2190469350616921,2.409515843718476,Fair
CUST00306,25,Female,Lucknow,Freelancer,948321.0,4121495,Car Loan,605.0,3,114485.97,Excellent,Rejected,1.448698953202555,4.346096943967285,Fair
CUST00189,44,Male,Lucknow,Self-Employed,1690687.0,3152641,Car Loan,514.0,9,29191.12,Excellent,Rejected,0.2071900002779935,1.864710026160963,Poor
CUST01871,22,Female,Chennai,Salaried,1720373.0,2205138,Home Loan,694.0,11,16705.59,Excellent,Approved,0.11652535816360755,1.2817790095519983,Good
CUST01319,37,Male,Kolkata,Business Owner,2192503.0,1989983,Business Loan,525.0,6,27638.65,Good,Rejected,0.15127176564866732,0.9076306851119474,Poor
CUST01901,59,Male,Delhi,Freelancer,2390652.0,508819,Home Loan,886.0,3,14133.86,Excellent,Approved,0.07094563324147556,0.21283691645626382,Excellent
CUST00927,51,Female,Kolkata,Freelancer,1391855.0,3578434,Personal Loan,836.0,10,29820.28,Excellent,Rejected,0.2570981603687166,2.5709818910734237,Excellent
CUST00942,32,Male,Jaipur,Business Owner,2379431.0,1869239,Business Loan,405.0,1,155769.92,Excellent,Defaulted,0.7855823682216463,0.7855823514109045,Poor
CUST00810,47,Female,Kolkata,Self-Employed,2000072.0,447891,Education Loan,355.0,18,2073.57,Missed,Defaulted,0.012440972125003502,0.22393743825222293,Poor
CUST00282,42,Female,Lucknow,Business Owner,2163571.0,3177640,Personal Loan,752.0,6,44133.89,Delayed,Approved,0.24478359157152685,1.4687015124532543,Excellent
CUST00531,40,Female,Kolkata,Freelancer,2429655.0,2635181,Education Loan,880.0,17,12917.55,Delayed,Rejected,0.06379942831389641,1.0845906106010936,Excellent
CUST00197,53,Male,Kolkata,Freelancer,838387.0,4247079,Education Loan,525.0,8,44240.41,Missed,Rejected,0.6332217937539586,5.065773920635697,Poor
CUST00652,27,Female,Delhi,Self-Employed,1124133.0,1109165,Business Loan,808.0,3,30810.14,Good,Approved,0.32889496171716337,0.9866848495685119,Excellent
CUST00352,45,Male,Hyderabad,Freelancer,2253607.0,4165741,Business Loan,621.0,1,347145.08,Excellent,Approved,1.848477112469033,1.8484771302183567,Fair
CUST01375,54,Female,Lucknow,Freelancer,1012283.0,1574960,Car Loan,391.0,16,8202.92,Missed,Defaulted,0.09724063330116184,1.5558495005843227,Poor
CUST01979,31,Female,Kolkata,Freelancer,976505.0,2926262,Car Loan,341.0,14,17418.23,Good,Defaulted,0.21404781337525156,2.9966687318549314,Poor
CUST00908,31,Male,Chennai,Self-Employed,1354424.0,1325029,Car Loan,535.0,18,6134.39,Missed,Defaulted,0.054349804787865545,0.9782970473057182,Poor
CUST00887,26,Male,Kolkata,Self-Employed,1401838.0,989695,Home Loan,381.0,1,82474.58,Delayed,Defaulted,0.7059980967843645,0.7059981253183321,Poor
CUST01653,28,Female,Kolkata,Salaried,1768146.0,3589172,Personal Loan,811.0,6,49849.61,Delayed,Approved,0.3383178312198201,2.029907032564053,Excellent
CUST00773,42,Male,Lucknow,Self-Employed,758516.0,2826374,Car Loan,835.0,13,18117.78,Missed,Defaulted,0.28662989310706694,3.7261890322682714,Excellent
CUST00950,26,Female,Bangalore,Self-Employed,2012375.0,2519970,Personal Loan,696.0,12,17499.79,Missed,Defaulted,0.1043530554692838,1.2522367848934717,Good
CUST00818,56,Female,Delhi,Self-Employed,955111.0,3848196,Business Loan,876.0,9,35631.44,Good,Rejected,0.4476728673421205,4.029056308638473,Excellent
CUST00745,38,Female,Lucknow,Self-Employed,676513.0,4724110,Home Loan,625.0,14,28119.7,Delayed,Defaulted,0.49878775426340666,6.9830291509549705,Fair
CUST00813,24,Female,Lucknow,Business Owner,995600.0,3697965,Personal Loan,609.0,3,102721.25,Excellent,Rejected,1.2381026516673364,3.714307955002009,Fair
CUST01339,28,Female,Chennai,Business Owner,1444992.0,4872481,Car Loan,528.0,16,25377.51,Delayed,Rejected,0.21074865466383205,3.3719778379395873,Poor
CUST01852,22,Male,Mumbai,Self-Employed,435595.0,3659134,Business Loan,529.0,11,27720.71,Good,Defaulted,0.7636646885294827,8.40031221662324,Poor
CUST00322,53,Female,Bangalore,Freelancer,603082.0,4451913,Personal Loan,785.0,13,28537.9,Missed,Defaulted,0.5678411890920306,7.381936453085982,Excellent
CUST01830,61,Male,Pune,Self-Employed,2049395.0,4510168,Education Loan,552.0,3,125282.44,Excellent,Rejected,0.733577119101003,2.20073143537483,Fair
CUST00651,56,Male,Mumbai,Business Owner,728423.0,3908884,Personal Loan,791.0,18,18096.69,Excellent,Rejected,0.2981238648422688,5.3662281394189915,Excellent
CUST01238,59,Female,Pune,Business Owner,1376503.0,1395801,Home Loan,481.0,12,9693.06,Excellent,Defaulted,0.08450161023986144,1.0140195844106406,Poor
CUST00026,43,Male,Chennai,Salaried,2189251.0,2800025,Car Loan,855.0,4,58333.85,Missed,Defaulted,0.31974689060322453,1.2789876537683436,Excellent
CUST01434,62,Male,Jaipur,Salaried,1880989.0,1737023,Car Loan,482.0,6,24125.32,Missed,Defaulted,0.15391043754110204,0.9234626039812035,Poor
CUST00079,62,Female,Lucknow,Salaried,971148.0,164589,Personal Loan,493.0,6,2285.96,Excellent,Defaulted,0.028246487662024738,0.16947880240704816,Poor
CUST01711,47,Female,Chennai,Salaried,1079459.0,1008379,Education Loan,427.0,7,12004.51,Delayed,Defaulted,0.13345029315610876,0.9341522003151579,Poor
CUST00033,24,Female,Delhi,Salaried,465798.0,2173091,Car Loan,350.0,2,90545.46,Missed,Defaulted,2.332653897182899,4.665307708491664,Poor
CUST01302,59,Female,Hyderabad,Business Owner,579039.0,944801,Education Loan,859.0,7,11247.63,Excellent,Approved,0.23309580183718195,1.6316707510202249,Excellent
CUST00383,27,Male,Mumbai,Self-Employed,379830.0,2165226,Car Loan,445.0,8,22554.44,Missed,Defaulted,0.712564252428718,5.700513387568122,Poor
CUST01559,50,Male,Bangalore,Salaried,801891.0,1411212,Home Loan,398.0,1,117601.0,Good,Defaulted,1.7598551424071351,1.7598551424071351,Poor
CUST00433,54,Male,Pune,Salaried,1849729.0,4770553,Car Loan,711.0,4,99386.52,Missed,Defaulted,0.6447637680979214,2.579055094016475,Good
CUST00164,62,Male,Kolkata,Salaried,236035.0,538051,Business Loan,667.0,16,2802.35,Good,Approved,0.1424712436714894,2.279539051411867,Good
CUST00204,45,Male,Kolkata,Salaried,1920856.0,76616,Home Loan,327.0,16,399.04,Missed,Defaulted,0.002492888587171553,0.03988638398713907,Poor
CUST01008,45,Male,Bangalore,Business Owner,326060.0,2581113,Education Loan,405.0,16,13443.3,Good,Defaulted,0.49475433969208116,7.91606759492118,Poor
CUST01171,52,Female,Hyderabad,Freelancer,871009.0,1540641,Car Loan,579.0,19,6757.2,Excellent,Rejected,0.09309479006531504,1.7688003223847286,Fair
CUST00369,43,Male,Jaipur,Freelancer,270119.0,1676528,Personal Loan,765.0,15,9314.04,Missed,Defaulted,0.41377496584838536,6.2066274493834195,Excellent
CUST00953,47,Female,Hyderabad,Freelancer,268803.0,2628682,Education Loan,612.0,6,36509.47,Delayed,Defaulted,1.6298688630707248,9.7792137736558,Fair
CUST01445,39,Male,Pune,Self-Employed,1001849.0,4624475,Car Loan,588.0,12,32114.41,Delayed,Rejected,0.3846616805526581,4.615940126705721,Fair
CUST01354,60,Female,Jaipur,Self-Employed,882405.0,4714496,Home Loan,678.0,16,24554.67,Excellent,Rejected,0.3339238104951808,5.342780242632351,Good
CUST01637,46,Female,Bangalore,Salaried,2021573.0,3219562,Education Loan,460.0,10,26829.68,Missed,Defaulted,0.15926021964084405,1.5926023942741618,Poor
CUST01111,53,Female,Lucknow,Business Owner,1137635.0,1241890,Education Loan,473.0,1,103490.83,Excellent,Defaulted,1.0916418359139795,1.0916418710746416,Poor
CUST00317,50,Female,Pune,Self-Employed,1980752.0,4364366,Business Loan,391.0,4,90924.29,Good,Defaulted,0.5508470924174252,2.2033884100584022,Poor
CUST01281,38,Male,Delhi,Salaried,2178030.0,3280545,Education Loan,358.0,3,91126.25,Good,Defaulted,0.5020660872439774,1.506198261731932,Poor
CUST01809,35,Female,Jaipur,Salaried,2222784.0,2600206,Home Loan,501.0,9,24075.98,Missed,Defaulted,0.12997743370475945,1.169796975324638,Poor
CUST00219,40,Female,Lucknow,Business Owner,2121277.0,1601899,Business Loan,732.0,19,7025.87,Missed,Defaulted,0.03974513465238156,0.7551578601003075,Good
CUST01971,53,Female,Kolkata,Freelancer,2470463.0,3992518,Personal Loan,475.0,15,22180.66,Excellent,Defaulted,0.10774009568246923,1.6161011114111,Poor
CUST01854,49,Female,Kolkata,Business Owner,1527042.0,3390552,Home Loan,714.0,18,15697.0,Excellent,Approved,0.12335220642261313,2.2203397156070364,Good
CUST01693,31,Female,Mumbai,Self-Employed,987738.0,4060442,Business Loan,524.0,8,42296.27,Missed,Defaulted,0.5138561440381963,4.110849233298708,Poor
CUST01814,62,Male,Chennai,Salaried,1873200.0,4426751,Car Loan,515.0,15,24593.06,Good,Rejected,0.15754682895579758,2.3632025411061286,Poor
CUST01348,52,Female,Lucknow,Freelancer,552414.0,2610244,Education Loan,612.0,16,13595.02,Excellent,Rejected,0.2953224212275576,4.725159029278766,Fair
CUST00060,50,Male,Hyderabad,Self-Employed,2402263.0,3699279,Car Loan,754.0,18,17126.29,Good,Approved,0.08555078274110703,1.5399142391986222,Excellent
CUST01056,61,Male,Kolkata,Freelancer,1090083.0,781658,Car Loan,472.0,17,3831.66,Delayed,Defaulted,0.04218020095717482,0.7170628291607153,Poor
CUST00434,51,Female,Delhi,Business Owner,1316271.0,2572919,Home Loan,503.0,15,14293.99,Excellent,Rejected,0.1303134992718065,1.954703096854675,Poor
CUST00074,37,Female,Chennai,Business Owner,764678.0,1003122,Business Loan,608.0,12,6966.12,Good,Rejected,0.10931848438166131,1.3118227541527283,Fair
CUST00163,34,Female,Delhi,Business Owner,218073.0,4689059,Business Loan,664.0,17,22985.58,Good,Defaulted,1.2648377378217386,21.502244661191437,Good
CUST01320,27,Male,Jaipur,Business Owner,702367.0,897405,Personal Loan,817.0,12,6231.98,Excellent,Approved,0.10647390893934366,1.2776867364212727,Excellent
CUST01160,56,Male,Ahmedabad,Self-Employed,200159.0,3606597,Personal Loan,797.0,8,37568.72,Excellent,Defaulted,2.252332595586509,18.01866016516869,Excellent
CUST01630,45,Female,Chennai,Freelancer,2447805.0,601238,Car Loan,678.0,4,12525.79,Missed,Defaulted,0.061405822767744984,0.24562332375332185,Good
CUST01068,61,Female,Jaipur,Salaried,614299.0,3780370,Car Loan,598.0,16,19689.43,Missed,Defaulted,0.3846224070037555,6.153957600451897,Fair
CUST01626,36,Female,Pune,Freelancer,534971.0,664101,Business Loan,737.0,6,9223.62,Good,Approved,0.20689614951090807,1.2413775699991214,Good
CUST01986,23,Female,Hyderabad,Self-Employed,482140.0,78885,Car Loan,594.0,7,939.11,Missed,Defaulted,0.023373542954328617,0.16361430289957274,Fair
CUST00046,41,Male,Ahmedabad,Self-Employed,1655465.0,3622401,Business Loan,651.0,17,17756.87,Missed,Defaulted,0.12871455452093522,2.188147136907153,Good
CUST00995,48,Male,Mumbai,Freelancer,1572236.0,721986,Car Loan,581.0,15,4011.03,Good,Rejected,0.030613953630371015,0.45920968607766266,Fair
CUST00362,44,Male,Kolkata,Salaried,913226.0,817442,Car Loan,582.0,16,4257.51,Excellent,Rejected,0.05594466210992679,0.8951146813603642,Fair
CUST01303,55,Female,Chennai,Self-Employed,728714.0,1774854,Education Loan,385.0,15,9860.3,Good,Defaulted,0.16237316697634463,2.435597504645169,Poor
CUST00568,59,Female,Mumbai,Self-Employed,1712760.0,1625326,Home Loan,390.0,3,45147.94,Good,Defaulted,0.3163171022209767,0.948951400079404,Poor
CUST00077,47,Female,Hyderabad,Freelancer,405768.0,4567562,Business Loan,476.0,11,34602.74,Excellent,Defaulted,1.0233258413674808,11.256585043670274,Poor
CUST01957,45,Male,Lucknow,Self-Employed,1852562.0,2445406,Education Loan,873.0,19,10725.46,Excellent,Approved,0.06947433878056443,1.3200130413988844,Excellent
CUST01443,63,Male,Ahmedabad,Salaried,1836675.0,300231,Education Loan,534.0,7,3574.18,Delayed,Rejected,0.023352068275552286,0.1634644125934093,Poor
CUST01866,30,Female,Chennai,Salaried,1882678.0,3589730,Car Loan,899.0,7,42734.88,Excellent,Approved,0.2723878220279835,1.906714796688547,Excellent
CUST01343,30,Male,Kolkata,Salaried,2029989.0,1644502,Business Loan,513.0,11,12458.35,Good,Rejected,0.07364581778521953,0.8101038971147134,Poor
CUST01629,46,Male,Jaipur,Self-Employed,1335627.0,1928266,Education Loan,594.0,5,32137.77,Delayed,Rejected,0.28874321947669523,1.4437159476410704,Fair
CUST01462,49,Female,Jaipur,Business Owner,915339.0,1053510,Car Loan,601.0,10,8779.25,Delayed,Approved,0.11509506314054137,1.1509506314054136,Fair
CUST00850,55,Female,Pune,Salaried,1959980.0,4055194,Education Loan,537.0,13,25994.83,Good,Rejected,0.15915364442494312,2.0689976428330903,Poor
CUST00031,37,Female,Lucknow,Self-Employed,375211.0,3845830,Home Loan,677.0,16,20030.36,Excellent,Defaulted,0.6406110695048919,10.249779457425289,Good
CUST01115,40,Female,Lucknow,Self-Employed,2351341.0,4233583,Education Loan,822.0,13,27138.35,Delayed,Rejected,0.13849977523464269,1.8004972481660466,Excellent
CUST01544,55,Female,Chennai,Salaried,1454352.0,2217626,Personal Loan,762.0,5,36960.43,Excellent,Approved,0.30496410772632765,1.524820676149928,Excellent
CUST01661,45,Male,Mumbai,Business Owner,828380.0,2079341,Car Loan,566.0,17,10192.85,Missed,Defaulted,0.1476546995340303,2.5101294092083344,Fair
CUST01311,45,Male,Jaipur,Freelancer,1391855.0,761716,Car Loan,820.0,13,4882.79,Good,Approved,0.04209740238746133,0.5472667770708874,Excellent
CUST00833,46,Male,Mumbai,Freelancer,2046198.0,994131,Business Loan,833.0,16,5177.77,Missed,Defaulted,0.030365213923579246,0.48584301225981064,Excellent
CUST00694,30,Female,Ahmedabad,Freelancer,1261339.0,3493571,Personal Loan,785.0,11,26466.45,Good,Approved,0.25179384764920454,2.769732007017939,Excellent
CUST00533,26,Female,Kolkata,Freelancer,864917.0,4231726,Business Loan,850.0,19,18560.2,Missed,Defaulted,0.25750725214095693,4.892638253150302,Excellent
CUST01582,28,Male,Jaipur,Salaried,537369.0,994461,Business Loan,875.0,16,5179.48,Missed,Defaulted,0.11566309184191867,1.8506110326423741,Excellent
CUST01851,33,Male,Ahmedabad,Business Owner,276240.0,4759751,Personal Loan,685.0,8,49580.74,Excellent,Defaulted,2.153811468288445,17.230491601505936,Good
CUST00382,25,Male,Lucknow,Freelancer,2417181.0,3905288,Home Loan,313.0,17,19143.57,Good,Defaulted,0.09503750029476485,1.615637389173587,Poor
CUST01605,53,Female,Mumbai,Freelancer,908175.0,3433737,Car Loan,817.0,14,20438.91,Delayed,Rejected,0.2700657031959699,3.7809199768767034,Excellent
CUST00045,23,Male,Delhi,Business Owner,766956.0,3050109,Car Loan,317.0,11,23106.89,Delayed,Defaulted,0.36153662009293885,3.9769021951715615,Poor
CUST01731,28,Male,Delhi,Salaried,1338585.0,1446102,Personal Loan,837.0,6,20084.75,Good,Approved,0.18005356402469772,1.0803213841481862,Excellent
CUST00169,48,Male,Mumbai,Business Owner,1783246.0,1314134,Education Loan,721.0,3,36503.72,Delayed,Approved,0.24564453810635214,0.7369336591810665,Good
CUST00304,26,Female,Ahmedabad,Business Owner,2273290.0,1948917,Car Loan,446.0,12,13534.15,Excellent,Defaulted,0.07144262280659308,0.8573112097444673,Poor
CUST00343,54,Female,Chennai,Freelancer,645377.0,497244,Personal Loan,483.0,16,2589.81,Missed,Defaulted,0.0481543655878657,0.7704705931571779,Poor
CUST00439,57,Male,Jaipur,Self-Employed,716409.0,2470872,Education Loan,578.0,8,25738.25,Good,Rejected,0.431121049568054,3.448968396544432,Fair
CUST01965,36,Male,Delhi,Business Owner,550067.0,3966247,Car Loan,804.0,8,41315.07,Good,Defaulted,0.9013099131560337,7.2104798142771696,Excellent
CUST00765,46,Male,Lucknow,Self-Employed,665982.0,1840146,Home Loan,630.0,5,30669.1,Delayed,Rejected,0.5526113318377973,2.763056659188987,Fair
CUST01678,62,Female,Lucknow,Salaried,722154.0,2240002,Car Loan,539.0,11,16969.71,Excellent,Rejected,0.28198489518856085,3.101834234803103,Poor
CUST01179,40,Male,Bangalore,Freelancer,1861945.0,4152748,Car Loan,827.0,4,86515.58,Good,Approved,0.5575819693922216,2.230327963500533,Excellent
CUST01928,47,Female,Bangalore,Salaried,832405.0,974993,Education Loan,833.0,16,5078.09,Missed,Defaulted,0.07320604753695617,1.1712964242165773,Excellent
CUST00421,35,Male,Ahmedabad,Salaried,1829311.0,3578880,Home Loan,499.0,9,33137.78,Excellent,Defaulted,0.21737876173050946,1.9564087243776482,Poor
CUST00708,24,Female,Delhi,Self-Employed,635071.0,1236430,Education Loan,801.0,1,103035.83,Missed,Defaulted,1.9469161085925826,1.9469161715776662,Excellent
CUST01346,50,Male,Chennai,Self-Employed,1324027.0,568490,Business Loan,573.0,13,3644.17,Missed,Defaulted,0.033028057584928404,0.4293643558628336,Fair
CUST00789,48,Female,Jaipur,Self-Employed,1057342.0,1820403,Car Loan,402.0,15,10113.35,Delayed,Defaulted,0.1147785673887919,1.7216785108318784,Poor
CUST00355,57,Female,Ahmedabad,Freelancer,1811935.0,4681889,Business Loan,803.0,5,78031.48,Missed,Approved,0.5167833062444293,2.583916641601382,Excellent
CUST00354,28,Male,Kolkata,Business Owner,1881076.0,4734013,Home Loan,510.0,8,49312.64,Delayed,Rejected,0.3145814842143539,2.5166516398061534,Poor
CUST00528,49,Female,Jaipur,Business Owner,1357588.5,696012,Education Loan,743.0,10,5800.1,Missed,Defaulted,0.051268259859302,0.5126825985930199,Good
CUST01342,28,Male,Mumbai,Salaried,2320243.0,2774274,Personal Loan,346.0,6,38531.58,Good,Defaulted,0.19928040295779365,1.1956825211842035,Poor
CUST00483,47,Female,Pune,Business Owner,490998.0,1523300,Education Loan,808.0,19,6681.14,Delayed,Approved,0.16328718243251503,3.1024566291512388,Excellent
CUST00186,23,Female,Delhi,Self-Employed,1903377.0,4756797,Car Loan,695.0,17,23317.63,Good,Rejected,0.14700795480874257,2.4991354839319797,Good
CUST01395,46,Male,Mumbai,Freelancer,2045219.0,2446640,Business Loan,594.0,17,11993.33,Good,Approved,0.0703689727114798,1.1962728685778883,Fair
CUST01455,25,Female,Pune,Self-Employed,1353824.0,3081830,Business Loan,762.0,9,28535.46,Missed,Defaulted,0.2529320797976694,2.276388954546529,Excellent
CUST01426,25,Female,Mumbai,Self-Employed,1353824.0,4676510,Car Loan,520.0,10,38970.92,Delayed,Rejected,0.34542971612262746,3.4542968657668944,Poor
CUST01229,42,Female,Delhi,Business Owner,1839778.0,1559390,Personal Loan,866.0,19,6839.43,Good,Approved,0.04461036059785474,0.8475968296174865,Excellent
CUST00301,54,Male,Pune,Self-Employed,1662073.0,3687967,Car Loan,595.0,3,102443.53,Delayed,Rejected,0.7396319896899834,2.218895920937287,Fair
CUST00454,48,Female,Ahmedabad,Freelancer,2148183.0,4424798,Personal Loan,749.0,11,33521.2,Missed,Defaulted,0.18725332059698824,2.059786340362995,Good
CUST00734,45,Female,Delhi,Salaried,675595.0,1177787,Car Loan,582.0,7,14021.27,Missed,Defaulted,0.24904749147048155,1.7433329139499256,Fair
CUST01782,53,Female,Kolkata,Business Owner,2127716.0,3828271,Car Loan,365.0,13,24540.2,Excellent,Defaulted,0.13840305755091376,1.7992396541643716,Poor
CUST01789,55,Male,Kolkata,Business Owner,1646250.0,978864,Home Loan,440.0,19,4293.26,Good,Defaulted,0.031294833712984055,0.5946022779043281,Poor
CUST01911,38,Female,Delhi,Self-Employed,2458233.0,4280013,Business Loan,486.0,12,29722.31,Missed,Defaulted,0.14509109592133862,1.7410932975027185,Poor
CUST01973,59,Male,Hyderabad,Self-Employed,2049691.0,4228465,Home Loan,869.0,9,39152.45,Missed,Defaulted,0.22921962383598307,2.0629768096752144,Excellent
CUST01393,31,Male,Lucknow,Freelancer,1126215.0,4053314,Personal Loan,770.0,12,28148.01,Good,Rejected,0.29992152475326644,3.5990587942799555,Excellent
CUST01233,59,Male,Kolkata,Freelancer,1538084.0,1854053,Car Loan,762.0,3,51501.47,Excellent,Approved,0.40181007019122494,1.2054302625864388,Excellent
CUST00176,53,Male,Lucknow,Self-Employed,287468.0,3169734,Home Loan,400.0,10,26414.45,Missed,Defaulted,1.1026389024169647,11.026389024169646,Poor
CUST00964,53,Female,Lucknow,Freelancer,2016030.0,328104,Education Loan,399.0,16,1708.88,Missed,Defaulted,0.010171753396526838,0.16274757816103927,Poor
CUST01028,61,Male,Pune,Freelancer,802276.0,1591037,Car Loan,378.0,4,33146.6,Missed,Defaulted,0.4957884817693661,1.9831541763682323,Poor
CUST01642,48,Female,Hyderabad,Freelancer,354692.0,864661,Business Loan,617.0,15,4803.67,Excellent,Rejected,0.16251857949996054,2.4377798202384042,Fair
CUST00124,60,Female,Ahmedabad,Business Owner,2339980.0,468829,Education Loan,629.0,16,2441.82,Good,Rejected,0.012522260874024567,0.20035598594859785,Fair
CUST00384,53,Female,Lucknow,Business Owner,1756518.0,1390683,Education Loan,356.0,4,28972.56,Excellent,Defaulted,0.19793177183495986,0.7917271556568165,Poor
CUST01597,56,Male,Pune,Freelancer,676128.0,1412516,Education Loan,631.0,4,29427.42,Missed,Defaulted,0.5222813431776231,2.08912513606891,Fair
CUST00585,40,Female,Chennai,Salaried,878841.0,1628232,Business Loan,890.0,18,7538.11,Missed,Defaulted,0.10292796990581914,1.8527037313916852,Excellent
CUST00040,25,Male,Pune,Salaried,1610822.0,2082709,Car Loan,369.0,16,10847.44,Good,Defaulted,0.08080922659362735,1.2929479483145871,Poor
CUST00487,25,Female,Hyderabad,Salaried,1609854.0,4825275,Home Loan,568.0,13,30931.25,Missed,Defaulted,0.230564386584125,2.9973370255936254,Fair
CUST00515,38,Male,Hyderabad,Self-Employed,787100.0,1325393,Education Loan,540.0,7,15778.49,Good,Rejected,0.24055632067081692,1.6838940414178631,Poor
CUST00332,45,Male,Hyderabad,Self-Employed,1909375.0,163936,Education Loan,686.0,19,719.02,Delayed,Approved,0.004518881833060556,0.08585846153846154,Good
CUST00428,47,Female,Delhi,Salaried,1633441.0,470539,Education Loan,457.0,18,2178.42,Missed,Defaulted,0.016003663431981934,0.28806611319294667,Poor
CUST00195,23,Female,Lucknow,Business Owner,1191469.0,2347905,Car Loan,809.0,14,13975.62,Missed,Defaulted,0.14075686400569382,1.9705968010917616,Excellent
CUST00545,52,Male,Jaipur,Self-Employed,1674764.0,1697824,Education Loan,558.0,4,35371.33,Good,Rejected,0.2534422521620957,1.0137691041842314,Fair
CUST00592,29,Male,Jaipur,Business Owner,1856321.0,4268346,Personal Loan,462.0,16,22230.97,Delayed,Defaulted,0.14370986483479958,2.299357708068809,Poor
CUST01748,34,Female,Mumbai,Salaried,2302191.0,1811169,Home Loan,780.0,5,30186.15,Missed,Defaulted,0.1573430701449185,0.7867153507245923,Excellent
CUST00323,44,Male,Hyderabad,Salaried,401139.0,2062755,Car Loan,324.0,8,21487.03,Excellent,Defaulted,0.6427805822919237,5.142244957483565,Poor
CUST01222,50,Female,Ahmedabad,Freelancer,2101860.0,3993439,Business Loan,433.0,8,41598.32,Excellent,Defaulted,0.23749433359024863,1.8999548019373318,Poor
CUST00267,46,Female,Delhi,Business Owner,1926676.0,901161,Personal Loan,767.0,19,3952.46,Delayed,Approved,0.02461727867062236,0.4677283570252601,Excellent
CUST01356,35,Male,Jaipur,Business Owner,1686561.0,3912163,Home Loan,765.0,17,19177.27,Delayed,Rejected,0.13644762329972054,2.3196095486614476,Excellent
CUST01481,26,Female,Mumbai,Salaried,1489709.0,4557863,Car Loan,412.0,11,34529.27,Missed,Defaulted,0.2781424023081018,3.0595659957750136,Poor
CUST00068,36,Female,Chennai,Salaried,2314785.0,154927,Business Loan,895.0,5,2582.12,Good,Approved,0.013385882490166473,0.06692932604971952,Excellent
CUST00988,60,Female,Pune,Business Owner,1401700.0,1014795,Personal Loan,528.0,3,28188.75,Delayed,Rejected,0.24132481986159662,0.7239744595847899,Poor
CUST01839,37,Male,Kolkata,Salaried,1672608.0,3810713,Car Loan,850.0,12,26463.28,Missed,Defaulted,0.18985880732365262,2.27830609443456,Excellent
CUST01991,46,Female,Chennai,Salaried,308944.0,3179985,Business Loan,461.0,9,29444.31,Excellent,Defaulted,1.1436756175876535,10.29307900460925,Poor
CUST01788,36,Male,Lucknow,Freelancer,1765116.0,3331121,Personal Loan,390.0,16,17349.59,Missed,Defaulted,0.11794980046637163,1.8871966488321448,Poor
CUST01613,38,Female,Delhi,Self-Employed,227798.0,4451744,Personal Loan,548.0,16,23186.17,Excellent,Defaulted,1.2214068604640953,19.542506957918857,Poor
CUST00671,54,Female,Bangalore,Self-Employed,233691.0,1609657,Business Loan,554.0,17,7890.48,Good,Defaulted,0.40517503883333117,6.887971723344074,Fair
CUST01754,53,Female,Delhi,Salaried,1416593.0,2230139,Personal Loan,774.0,16,11615.31,Missed,Defaulted,0.09839362470377871,1.5742976281825478,Excellent
CUST00479,29,Female,Kolkata,Business Owner,2450041.0,4834377,Car Loan,513.0,5,80572.95,Excellent,Rejected,0.3946364162885437,1.9731820814427188,Poor
CUST01767,50,Female,Bangalore,Salaried,636542.0,4777589,Business Loan,460.0,5,79626.48,Delayed,Defaulted,1.5011071696761564,7.505536162578432,Poor
CUST01570,38,Male,Lucknow,Self-Employed,790504.0,4465239,Education Loan,691.0,4,93025.81,Excellent,Rejected,1.4121493629380748,5.6485976035541885,Good
CUST00472,33,Male,Hyderabad,Business Owner,1357655.0,3273253,Home Loan,717.0,15,18184.74,Missed,Defaulted,0.1607307305611514,2.410960811104441,Good
CUST01666,29,Female,Mumbai,Business Owner,2145049.0,1819617,Personal Loan,503.0,1,151634.75,Excellent,Rejected,0.8482869155902732,0.8482869155902732,Poor
CUST00721,32,Female,Chennai,Salaried,238547.0,4372751,Education Loan,672.0,16,22774.74,Delayed,Defaulted,1.1456730958679002,18.330773390568734,Good
CUST01299,24,Female,Hyderabad,Freelancer,1698339.0,4120101,Home Loan,470.0,9,38149.08,Missed,Defaulted,0.2695509907032695,2.42595912830124,Poor
CUST01306,58,Female,Mumbai,Salaried,473452.0,1058314,Home Loan,779.0,11,8017.53,Missed,Defaulted,0.203210378243201,2.235314245161072,Excellent
CUST01849,29,Female,Pune,Freelancer,1996725.0,3874977,Home Loan,586.0,18,17939.71,Excellent,Rejected,0.10781480674604664,1.9406663411336063,Fair
CUST01703,54,Female,Delhi,Freelancer,2109824.0,863526,Home Loan,894.0,10,7196.05,Good,Approved,0.04092881681126009,0.4092881681126009,Excellent
CUST01562,41,Female,Chennai,Self-Employed,2382926.0,2519491,Car Loan,779.0,2,104978.79,Delayed,Rejected,0.5286548889894189,1.0573097947649235,Excellent
CUST01611,48,Male,Bangalore,Salaried,1134339.0,1205933,Car Loan,529.0,19,5289.18,Excellent,Rejected,0.05595343191056642,1.063115171037935,Poor
CUST01692,54,Female,Chennai,Business Owner,1114565.0,3936613,Car Loan,626.0,16,20503.19,Good,Approved,0.22074825604608073,3.5319725632870225,Fair
CUST00480,50,Male,Lucknow,Salaried,2472158.0,1642173,Personal Loan,373.0,2,68423.88,Missed,Defaulted,0.3321335286822283,0.6642670088238697,Poor
CUST00863,45,Female,Ahmedabad,Business Owner,967524.0,4358760,Business Loan,690.0,2,181615.0,Good,Rejected,2.2525332704925147,4.5050665409850295,Good
CUST01245,52,Female,Lucknow,Salaried,1072328.0,4274367,Education Loan,795.0,15,23746.48,Missed,Defaulted,0.26573749822815407,3.986063032952604,Excellent
CUST01532,34,Female,Mumbai,Self-Employed,2276198.0,3871301,Education Loan,632.0,3,107536.14,Good,Approved,0.5669250566075534,1.7007751522494967,Fair
CUST01263,42,Female,Lucknow,Self-Employed,1305710.0,1538543,Personal Loan,732.0,18,7122.88,Delayed,Approved,0.06546213171378024,1.178319075445543,Good
CUST01848,41,Male,Ahmedabad,Salaried,1416593.0,4056622,Education Loan,427.0,10,33805.18,Delayed,Defaulted,0.28636465096185004,2.8636467919861244,Poor
CUST00262,57,Male,Jaipur,Salaried,1879161.0,1185270,Business Loan,344.0,14,7055.18,Excellent,Defaulted,0.045053170005124626,0.6307442523551734,Poor
CUST01118,50,Female,Chennai,Freelancer,1391855.0,4580734,Home Loan,429.0,1,381727.83,Missed,Defaulted,3.2910999780867978,3.2911000068254235,Poor
CUST01005,34,Female,Delhi,Freelancer,1391855.0,4058146,Education Loan,668.0,11,30743.53,Excellent,Rejected,0.26505804124711263,2.915638482456865,Good
CUST00241,28,Male,Hyderabad,Self-Employed,1744613.0,4137138,Car Loan,719.0,8,43095.19,Missed,Defaulted,0.29642234696176173,2.371378638127768,Good
CUST01059,32,Female,Mumbai,Business Owner,541207.0,3825702,Education Loan,705.0,13,24523.73,Missed,Defaulted,0.5437563815693441,7.068833182128095,Good
CUST00869,57,Female,Jaipur,Salaried,1842892.0,4278456,Education Loan,405.0,18,19807.67,Excellent,Defaulted,0.12897773716528152,2.321598878284783,Poor
CUST01575,39,Male,Mumbai,Self-Employed,594754.0,542503,Business Loan,537.0,19,2379.4,Good,Rejected,0.04800774774108287,0.91214687080709,Poor
CUST01620,27,Female,Ahmedabad,Freelancer,605105.0,3262713,Education Loan,693.0,4,67973.19,Good,Rejected,1.3479946125052678,5.391978251708381,Good
CUST01318,58,Female,Jaipur,Salaried,342980.0,2555365,Education Loan,394.0,12,17745.59,Good,Defaulted,0.6208731704472564,7.450478161991953,Poor
CUST00571,22,Male,Pune,Freelancer,2063236.0,3976690,Business Loan,513.0,2,165695.42,Good,Rejected,0.9637021843356747,1.927404329897307,Poor
CUST00366,23,Male,Ahmedabad,Freelancer,226806.0,544955,Car Loan,318.0,14,3243.78,Good,Defaulted,0.1716240311102881,2.402736259181856,Poor
CUST01679,29,Male,Mumbai,Business Owner,1211930.0,3043349,Car Loan,594.0,19,13348.02,Excellent,Rejected,0.13216624722549983,2.511159060341769,Fair
CUST01266,32,Male,Bangalore,Self-Employed,1006564.0,3202963,Home Loan,898.0,7,38130.51,Excellent,Approved,0.4545822421624457,3.182075854093729,Excellent
CUST00719,35,Male,Lucknow,Freelancer,1391855.0,3030342,Home Loan,458.0,11,22957.14,Excellent,Defaulted,0.19792699670583502,2.1771966189006755,Poor
CUST00951,40,Female,Chennai,Salaried,2473958.0,1346573,Home Loan,814.0,11,10201.31,Excellent,Approved,0.04948172927753826,0.5442990543897673,Excellent
CUST01224,44,Male,Mumbai,Salaried,1556688.0,4690239,Home Loan,703.0,14,27918.09,Good,Rejected,0.2152114489223274,3.0129602078258455,Good
CUST00072,61,Female,Mumbai,Freelancer,1063663.0,3699886,Home Loan,883.0,3,102774.61,Good,Approved,1.1594793839778201,3.478438189539356,Excellent
CUST00922,32,Female,Hyderabad,Business Owner,408944.0,2089660,Business Loan,685.0,9,19348.7,Missed,Defaulted,0.5677657576587504,5.109892797057788,Good
CUST00260,32,Male,Ahmedabad,Freelancer,2451401.0,219934,Business Loan,702.0,15,1221.86,Excellent,Rejected,0.005981200138206682,0.08971767572910348,Good
CUST00052,38,Female,Jaipur,Salaried,761672.0,3798294,Personal Loan,843.0,10,31652.45,Delayed,Rejected,0.49867843376151416,4.986784337615141,Excellent
CUST00199,53,Female,Hyderabad,Business Owner,223429.0,4159070,Personal Loan,724.0,12,28882.43,Excellent,Defaulted,1.5512272802545777,18.61472772111051,Good
CUST01646,45,Male,Hyderabad,Freelancer,2153256.0,4757926,Business Loan,511.0,8,49561.73,Good,Rejected,0.2762053188287877,2.2096425134772644,Poor
CUST01191,24,Female,Pune,Freelancer,2481608.0,2845126,Home Loan,457.0,16,14818.36,Missed,Defaulted,0.0716552815754946,1.1464848598166995,Poor
CUST00333,53,Female,Ahmedabad,Salaried,2213321.0,4260583,Personal Loan,725.0,9,39449.84,Delayed,Rejected,0.21388586653269,1.924972925300939,Good
CUST01387,53,Female,Mumbai,Business Owner,1445803.0,4109626,Personal Loan,496.0,9,38052.09,Missed,Defaulted,0.3158280069968038,2.84245225663524,Poor
CUST00615,35,Female,Hyderabad,Freelancer,2291635.0,643731,Education Loan,859.0,13,4126.48,Missed,Defaulted,0.021608048402123374,0.2809046815919638,Excellent
CUST01764,49,Female,Delhi,Salaried,2226110.0,4455113,Education Loan,417.0,10,37125.94,Excellent,Defaulted,0.2001299486548284,2.0012995763911037,Poor
CUST00999,23,Male,Mumbai,Business Owner,367647.0,4563962,Business Loan,711.0,16,23770.64,Excellent,Defaulted,0.7758738137398101,12.413978626236581,Good
CUST01183,39,Male,Chennai,Self-Employed,1353824.0,3895204,Business Loan,378.0,9,36066.7,Good,Defaulted,0.31968734488382533,2.8771863994138087,Poor
CUST01340,35,Female,Chennai,Self-Employed,2199920.0,3461031,Personal Loan,579.0,4,72104.81,Good,Rejected,0.39331326593694316,1.5732531182952108,Fair
CUST00933,55,Male,Mumbai,Business Owner,2097501.0,4316988,Personal Loan,744.0,4,89937.25,Excellent,Approved,0.5145394447964506,2.0581577791858026,Good
CUST01668,39,Female,Jaipur,Salaried,1656048.0,2898039,Business Loan,851.0,18,13416.85,Excellent,Approved,0.09722073273238457,1.7499728268745833,Excellent
CUST00949,58,Male,Kolkata,Business Owner,1901243.0,4892256,Personal Loan,866.0,1,407688.0,Missed,Defaulted,2.5731881721589507,2.5731881721589507,Excellent
CUST00427,37,Male,Pune,Self-Employed,1343657.0,276256,Education Loan,697.0,3,7673.78,Good,Approved,0.06853338314763366,0.2056000899038966,Good
CUST01680,32,Male,Delhi,Business Owner,1867740.0,1292522,Business Loan,811.0,10,10771.02,Excellent,Approved,0.06920248000256995,0.6920245858631286,Excellent
CUST00680,26,Male,Chennai,Freelancer,1510077.0,457407,Personal Loan,558.0,14,2722.66,Excellent,Rejected,0.021635929823446087,0.30290309699439166,Fair
CUST00612,41,Female,Ahmedabad,Self-Employed,1778638.0,734494,Home Loan,864.0,10,6120.78,Good,Approved,0.041295283244819916,0.4129530573393799,Excellent
CUST01019,57,Female,Lucknow,Self-Employed,1392931.0,3759362,Home Loan,577.0,3,104426.72,Good,Rejected,0.8996286535370381,2.698886018043966,Fair
CUST01231,57,Female,Pune,Salaried,2244940.0,4762037,Home Loan,497.0,4,99209.1,Delayed,Defaulted,0.5303078033265923,2.1212313023956098,Poor
CUST00655,46,Male,Delhi,Business Owner,975158.0,875963,Education Loan,487.0,4,18249.23,Missed,Defaulted,0.22456951591434415,0.8982780226383827,Poor
CUST00556,38,Female,Hyderabad,Business Owner,2000830.0,2655221,Personal Loan,365.0,9,24585.38,Excellent,Defaulted,0.14745108779856358,1.327059770195369,Poor
CUST01610,32,Female,Lucknow,Salaried,1894814.0,2378033,Education Loan,525.0,9,22018.82,Excellent,Rejected,0.1394468480811309,1.2550218649429443,Poor
CUST00399,44,Female,Ahmedabad,Salaried,1080412.0,267314,Education Loan,620.0,15,1485.08,Missed,Defaulted,0.016494596505777424,0.24741857735752656,Fair
CUST00591,49,Male,Lucknow,Business Owner,1637188.0,628110,Education Loan,594.0,15,3489.5,Delayed,Rejected,0.025576781652443092,0.3836517247866464,Fair
CUST00463,33,Female,Lucknow,Freelancer,1282424.0,689104,Business Loan,778.0,2,28712.67,Excellent,Approved,0.268672482735819,0.5373449030897738,Excellent
CUST00437,31,Female,Jaipur,Freelancer,1881641.0,3899091,Business Loan,449.0,10,32492.42,Delayed,Defaulted,0.20721755106314116,2.0721758295020143,Poor
CUST00193,22,Female,Mumbai,Business Owner,2459776.0,1517130,Personal Loan,872.0,3,42142.5,Delayed,Approved,0.20559189129416663,0.6167756738824999,Excellent
CUST01464,30,Female,Pune,Business Owner,1315244.0,1121192,Home Loan,307.0,3,31144.22,Excellent,Defaulted,0.28415308490287733,0.8524593155338477,Poor
CUST00638,49,Male,Chennai,Salaried,519972.0,825292,Home Loan,410.0,3,22924.78,Good,Defaulted,0.5290618725623687,1.587185463832668,Poor
CUST00293,59,Female,Delhi,Self-Employed,1301928.0,4686440,Business Loan,329.0,15,26035.78,Delayed,Defaulted,0.23997437646321454,3.5996153397115664,Poor
CUST00757,37,Male,Lucknow,Salaried,1170834.0,1978854,Business Loan,511.0,17,9700.26,Missed,Defaulted,0.09941897826677394,1.6901234504635156,Poor
CUST01456,35,Male,Ahmedabad,Self-Employed,1406184.0,4434575,Personal Loan,736.0,10,36954.79,Delayed,Approved,0.31536234233926713,3.1536235656215688,Good
CUST00890,25,Female,Hyderabad,Freelancer,1187073.0,2265995,Car Loan,530.0,13,14525.61,Excellent,Rejected,0.14683791140056257,1.9088927134220053,Poor
CUST01135,60,Male,Lucknow,Business Owner,840473.0,1849971,Education Loan,812.0,14,11011.73,Missed,Defaulted,0.15722189766952657,2.2011069957036096,Excellent
CUST01418,27,Female,Delhi,Salaried,1685255.0,2481129,Personal Loan,512.0,9,22973.42,Missed,Defaulted,0.16358416975472553,1.4722573141750062,Poor
CUST00142,50,Male,Delhi,Salaried,2315904.0,1857402,Car Loan,518.0,2,77391.75,Excellent,Rejected,0.401010145498259,0.802020290996518,Poor
CUST00747,45,Female,Chennai,Freelancer,1391855.0,1508316,Education Loan,877.0,11,11426.64,Missed,Defaulted,0.09851577930172324,1.0836732274554461,Excellent
CUST00003,36,Female,Ahmedabad,Business Owner,2113722.0,745532,Car Loan,819.0,4,15531.92,Good,Approved,0.08817765060873663,0.3527105267390887,Excellent
CUST00986,54,Female,Mumbai,Business Owner,908521.0,3427180,Car Loan,466.0,19,15031.49,Excellent,Defaulted,0.19854013280925814,3.7722628315691105,Poor
CUST00577,57,Female,Lucknow,Business Owner,1910524.0,1433640,Home Loan,588.0,5,23894.0,Good,Rejected,0.15007819844189343,0.7503909922094671,Fair
CUST01910,39,Male,Lucknow,Self-Employed,1122630.0,993831,Car Loan,437.0,17,4871.72,Excellent,Defaulted,0.05207471740466583,0.8852703027711712,Poor
CUST01694,61,Male,Hyderabad,Freelancer,1252425.0,4354083,Education Loan,310.0,13,27910.79,Excellent,Defaulted,0.2674247799269417,3.4765219474220013,Poor
CUST00340,47,Male,Pune,Self-Employed,1309639.0,3032202,Education Loan,354.0,12,21056.96,Good,Defaulted,0.19294135254066197,2.315296047231336,Poor
CUST01321,29,Male,Ahmedabad,Freelancer,457354.0,2341947,Personal Loan,513.0,10,19516.22,Excellent,Rejected,0.5120642653174565,5.120643965068634,Poor
CUST00409,37,Male,Delhi,Business Owner,1619541.0,3338210,Business Loan,829.0,15,18545.61,Missed,Approved,0.13741382280535042,2.0612074655720356,Excellent
CUST00837,62,Male,Jaipur,Self-Employed,1552790.0,4672942,Car Loan,858.0,17,22906.58,Excellent,Rejected,0.1770226237933011,3.0093843984054507,Excellent
CUST00266,56,Female,Mumbai,Freelancer,1309004.0,1654243,Personal Loan,719.0,11,12532.14,Excellent,Approved,0.11488557712581474,1.2637417456325573,Good
CUST00377,58,Female,Delhi,Business Owner,1085421.0,348783,Personal Loan,503.0,8,3633.16,Missed,Defaulted,0.04016682927638216,0.32133430254251577,Poor
CUST00713,51,Female,Bangalore,Salaried,358588.0,2709786,Education Loan,641.0,2,112907.75,Excellent,Defaulted,3.778411435965509,7.556822871931018,Fair
CUST00495,58,Male,Hyderabad,Self-Employed,511955.0,3060087,Car Loan,624.0,18,14167.07,Delayed,Rejected,0.33206988895508394,5.97725776679591,Fair
CUST00440,55,Female,Bangalore,Salaried,866165.0,2977503,Education Loan,703.0,12,20677.1,Delayed,Rejected,0.2864641263500603,3.437570208909388,Good
CUST00272,39,Female,Lucknow,Self-Employed,1552144.0,3309819,Home Loan,727.0,9,30646.47,Good,Rejected,0.23693525858425507,2.1324174818831243,Good
CUST00185,38,Female,Mumbai,Freelancer,2222234.0,4856546,Home Loan,821.0,4,101178.04,Delayed,Approved,0.5463585202998424,2.1854341171991787,Excellent
CUST00974,35,Male,Jaipur,Freelancer,1778608.0,2505257,Business Loan,414.0,18,11598.41,Missed,Defaulted,0.07825272347813571,1.4085492699909143,Poor
CUST00245,22,Female,Kolkata,Self-Employed,1430844.0,1085408,Education Loan,802.0,14,6460.76,Missed,Defaulted,0.05418418779405721,0.7585788527610278,Excellent
CUST00809,23,Female,Delhi,Self-Employed,2120444.0,650198,Business Loan,487.0,14,3870.23,Delayed,Defaulted,0.021902375162937575,0.3066329504575457,Poor
CUST01044,33,Female,Bangalore,Business Owner,731972.0,1841396,Personal Loan,432.0,2,76724.83,Excellent,Defaulted,1.257832212161121,2.51566453361604,Poor
CUST00536,46,Male,Bangalore,Self-Employed,219675.0,182659,Business Loan,567.0,19,801.14,Delayed,Rejected,0.04376319562990782,0.8314965289632411,Fair
CUST00446,26,Male,Kolkata,Business Owner,2135090.0,1154381,Education Loan,594.0,11,8745.31,Good,Defaulted,0.04915189523626639,0.5406708850680767,Fair
CUST00618,22,Male,Ahmedabad,Salaried,1698492.0,4340447,Personal Loan,875.0,15,24113.59,Good,Approved,0.17036469998092427,2.555470970719909,Excellent
CUST01133,29,Female,Mumbai,Self-Employed,437199.0,1742737,Education Loan,753.0,13,11171.39,Good,Rejected,0.3066262274158907,3.9861413223726494,Excellent
CUST01129,51,Male,Chennai,Freelancer,696762.0,1397203,Education Loan,337.0,15,7762.24,Missed,Defaulted,0.13368536171605225,2.0052801386987236,Poor
CUST00527,28,Male,Kolkata,Salaried,2304683.0,3553548,Car Loan,526.0,7,42304.14,Good,Rejected,0.22026876581291222,1.5418814648261823,Poor
CUST00945,35,Male,Delhi,Self-Employed,537913.0,4478622,Education Loan,461.0,14,26658.46,Missed,Defaulted,0.5947086610660088,8.325922593430537,Poor
CUST00611,40,Female,Kolkata,Freelancer,1065139.0,3295988,Car Loan,770.0,16,17166.6,Excellent,Approved,0.193401236833878,3.0944205404177296,Excellent
CUST00705,60,Male,Kolkata,Freelancer,1975922.0,2308233,Business Loan,548.0,19,10123.83,Excellent,Rejected,0.061483175955326166,1.1681802216889128,Poor
CUST00416,47,Female,Hyderabad,Business Owner,1955548.0,434370,Education Loan,807.0,14,2585.54,Excellent,Approved,0.01586587493633498,0.22212188092544902,Excellent
CUST00274,56,Male,Kolkata,Self-Employed,1171248.0,374934,Business Loan,879.0,5,6248.9,Excellent,Approved,0.06402299086103028,0.3201149543051514,Excellent
CUST00756,44,Female,Ahmedabad,Business Owner,2351061.0,983476,Personal Loan,667.0,19,4313.49,Good,Approved,0.02201639174823622,0.4183115623116542,Good
CUST01517,26,Female,Pune,Freelancer,408859.0,4396421,Education Loan,869.0,3,122122.81,Good,Defaulted,3.5843009937411185,10.752902589890402,Excellent
CUST01484,27,Female,Bangalore,Self-Employed,1723982.0,634718,Education Loan,496.0,13,4068.71,Excellent,Defaulted,0.02832078293160834,0.3681697372710388,Poor
CUST00251,62,Male,Hyderabad,Freelancer,1127460.0,2923524,Car Loan,545.0,1,243627.0,Delayed,Rejected,2.5930179341173965,2.5930179341173965,Poor
CUST00414,24,Male,Bangalore,Freelancer,2184117.0,2091381,Home Loan,461.0,8,21785.22,Delayed,Defaulted,0.11969259888549927,0.9575407361418825,Poor
CUST01334,38,Female,Bangalore,Freelancer,934275.0,181562,Home Loan,625.0,17,890.01,Delayed,Rejected,0.0114314521955527,0.19433464451044927,Fair
CUST00311,50,Male,Hyderabad,Freelancer,754399.0,3731890,Home Loan,565.0,16,19436.93,Missed,Defaulted,0.3091774511896225,4.946838476721204,Fair
CUST01832,57,Female,Pune,Freelancer,967286.0,1245344,Personal Loan,405.0,7,14825.52,Good,Defaulted,0.1839231003033229,1.2874620329457884,Poor
CUST00580,40,Female,Kolkata,Business Owner,329350.0,4613653,Personal Loan,594.0,15,25631.41,Excellent,Defaulted,0.9338907545164717,14.008358888720206,Fair
CUST00426,33,Male,Ahmedabad,Self-Employed,746015.0,1679753,Home Loan,688.0,5,27995.88,Excellent,Approved,0.45032681648492323,2.25163435051574,Good
CUST01915,33,Female,Jaipur,Business Owner,236413.0,4473471,Business Loan,725.0,14,26627.8,Missed,Defaulted,1.351590648568395,18.922271617889034,Good
CUST01625,59,Female,Chennai,Freelancer,1023759.0,605839,Education Loan,520.0,2,25243.29,Missed,Defaulted,0.29588944273017376,0.5917789245320432,Poor
CUST00778,43,Female,Mumbai,Self-Employed,295028.0,1134309,Car Loan,542.0,11,8593.25,Good,Rejected,0.34952275716203207,3.844750328782353,Poor
CUST01802,47,Male,Pune,Self-Employed,1870357.0,3792918,Home Loan,776.0,5,63215.3,Good,Approved,0.4055822498057858,2.0279112490289286,Excellent
CUST01101,28,Female,Chennai,Freelancer,1765213.0,4245843,Business Loan,601.0,17,20812.96,Delayed,Approved,0.14148746921759583,2.4052865008358766,Fair
CUST01051,49,Female,Lucknow,Business Owner,1089497.0,4151599,Education Loan,823.0,18,19220.37,Good,Rejected,0.21169809554317268,3.8105648753507353,Excellent
CUST01543,52,Male,Pune,Self-Employed,278077.0,1079242,Personal Loan,522.0,4,22484.21,Missed,Defaulted,0.97027269425375,3.881090489324899,Poor
CUST00584,47,Male,Chennai,Self-Employed,2395004.0,387283,Personal Loan,778.0,11,2933.96,Excellent,Approved,0.014700401335446624,0.16170453159994722,Excellent
CUST01084,48,Male,Lucknow,Business Owner,1153692.0,4563257,Business Loan,898.0,1,380271.42,Excellent,Approved,3.9553512029207103,3.9553511682494116,Excellent
CUST00183,24,Male,Ahmedabad,Business Owner,1357588.5,4280207,Car Loan,481.0,12,29723.66,Good,Defaulted,0.2627334571558318,3.1528014564059728,Poor
CUST00171,58,Male,Bangalore,Self-Employed,1994291.0,4765700,Business Loan,844.0,15,26476.11,Good,Approved,0.15931141443249758,2.3896713167737307,Excellent
CUST00583,31,Female,Bangalore,Salaried,406487.0,1973217,Education Loan,777.0,1,164434.75,Missed,Defaulted,4.854317604253026,4.854317604253026,Excellent
CUST01394,51,Female,Kolkata,Self-Employed,1649991.0,4764386,Personal Loan,754.0,19,20896.43,Excellent,Approved,0.1519748653174472,2.88752241678894,Excellent
CUST01917,29,Male,Ahmedabad,Salaried,764430.0,4549367,Education Loan,325.0,13,29162.61,Good,Defaulted,0.45779380715042584,5.951319283649255,Poor
CUST01684,38,Female,Kolkata,Business Owner,2282963.0,1347776,Car Loan,348.0,17,6606.75,Excellent,Defaulted,0.034727238242582115,0.5903626120966481,Poor
CUST00882,23,Female,Mumbai,Salaried,2275915.0,2168219,Business Loan,594.0,2,90342.46,Delayed,Defaulted,0.4763400742119104,0.9526801308484719,Fair
CUST00807,35,Female,Mumbai,Business Owner,1321268.0,1743481,Education Loan,632.0,4,36322.52,Good,Approved,0.3298878350190877,1.3195513703503,Fair
CUST00273,23,Male,Pune,Freelancer,1751330.0,1509410,Business Loan,416.0,2,62892.08,Missed,Defaulted,0.4309324684668223,0.861864982613214,Poor
CUST01581,33,Female,Chennai,Business Owner,2178192.0,3546716,Business Loan,680.0,13,22735.36,Good,Approved,0.12525264990414067,1.6282843752984126,Good
CUST00716,36,Female,Chennai,Business Owner,1510875.0,4185316,Home Loan,392.0,6,58129.39,Missed,Defaulted,0.4616878828493422,2.770127244146604,Poor
CUST01519,52,Female,Pune,Business Owner,1400114.0,972426,Home Loan,491.0,15,5402.37,Good,Defaulted,0.04630225824468579,0.6945334451337534,Poor
CUST00372,43,Male,Jaipur,Self-Employed,1719603.0,1358014,Personal Loan,850.0,16,7072.99,Good,Approved,0.04935783433734415,0.7897253028751403,Excellent
CUST00223,41,Female,Mumbai,Self-Employed,1173181.0,3330931,Education Loan,860.0,13,21352.12,Excellent,Approved,0.21840230961803847,2.83923026370185,Excellent
CUST00746,41,Female,Jaipur,Salaried,1906533.0,1510235,Business Loan,864.0,16,7865.81,Missed,Defaulted,0.04950856869511307,0.7921368263754155,Excellent
CUST00582,48,Male,Lucknow,Freelancer,988768.0,472641,Personal Loan,672.0,4,9846.69,Missed,Defaulted,0.11950253244441568,0.4780100084145118,Good
CUST01104,62,Male,Pune,Business Owner,602980.0,362579,Personal Loan,368.0,1,30214.92,Excellent,Defaulted,0.6013118843079372,0.6013118179707453,Poor
CUST00519,34,Male,Ahmedabad,Self-Employed,2447939.0,842330,Business Loan,365.0,5,14038.83,Excellent,Defaulted,0.06881950898286272,0.3440976266156959,Poor
CUST00335,44,Male,Chennai,Freelancer,803103.0,3562305,Home Loan,526.0,4,74214.69,Excellent,Rejected,1.1089191299248042,4.435676370278781,Poor
CUST01925,35,Female,Jaipur,Self-Employed,973952.0,2807506,Car Loan,607.0,4,58489.71,Excellent,Approved,0.720647958010251,2.8825917499014326,Fair
CUST01335,44,Male,Delhi,Freelancer,2220334.0,1102305,Home Loan,670.0,2,45929.38,Delayed,Approved,0.2482295726678959,0.496459091289869,Good
CUST01158,29,Female,Bangalore,Salaried,2290547.0,266486,Personal Loan,555.0,4,5551.79,Good,Rejected,0.029085401871256078,0.11634164241117952,Fair
CUST01955,32,Male,Chennai,Freelancer,2199482.0,2880527,Home Loan,491.0,4,60010.98,Excellent,Defaulted,0.32740970828586,1.30963881495734,Poor
CUST00016,24,Male,Kolkata,Self-Employed,2434236.0,257352,Business Loan,605.0,5,4289.2,Delayed,Approved,0.021144375483724664,0.10572187741862334,Fair
CUST00702,49,Male,Pune,Business Owner,1790963.0,1493401,Personal Loan,601.0,16,7778.13,Good,Rejected,0.05211585052287512,0.833853630700355,Fair
CUST01860,49,Female,Delhi,Salaried,1271775.0,1491945,Education Loan,721.0,1,124328.75,Delayed,Rejected,1.1731202453264138,1.1731202453264138,Good
CUST01872,56,Male,Ahmedabad,Business Owner,2362077.0,481978,Business Loan,364.0,9,4462.76,Delayed,Defaulted,0.022672046677563857,0.20404838622957677,Poor
CUST01720,27,Female,Bangalore,Freelancer,475049.0,3663163,Education Loan,315.0,12,25438.63,Good,Defaulted,0.6425938376883227,7.711126641672754,Poor
CUST01681,43,Female,Mumbai,Self-Employed,1279525.0,2618101,Car Loan,695.0,12,18181.26,Delayed,Rejected,0.17051258865594654,2.0461507199937476,Good
CUST00937,22,Female,Pune,Salaried,873218.0,2922875,Business Loan,346.0,4,60893.23,Excellent,Defaulted,0.83681138043421,3.347245475929264,Poor
CUST00466,54,Female,Bangalore,Business Owner,1226630.0,3347154,Business Loan,418.0,6,46488.25,Good,Defaulted,0.45478995296055047,2.7287397177633026,Poor
CUST01823,46,Male,Bangalore,Freelancer,1216003.0,4784071,Education Loan,733.0,19,20982.77,Good,Approved,0.20706629835617182,3.934259208242085,Good
CUST00200,25,Male,Bangalore,Business Owner,1450956.0,3448116,Home Loan,554.0,8,35917.88,Good,Rejected,0.2970555688801038,2.376444220224459,Fair
CUST01232,62,Female,Bangalore,Self-Employed,2299409.0,365617,Car Loan,525.0,10,3046.81,Missed,Defaulted,0.015900485733508045,0.1590047703562089,Poor
CUST01079,32,Female,Kolkata,Freelancer,1008258.0,1818693,Education Loan,603.0,8,18944.72,Missed,Approved,0.22547467017370557,1.803797242372488,Fair
CUST01351,56,Female,Delhi,Business Owner,1357588.5,1953124,Home Loan,769.0,18,9042.24,Excellent,Rejected,0.0799261926570533,1.438671585682996,Excellent
CUST01327,47,Male,Kolkata,Freelancer,1674585.0,3838264,Car Loan,706.0,18,17769.74,Excellent,Rejected,0.12733714920413117,2.2920687812204217,Good
CUST01667,42,Female,Lucknow,Business Owner,852755.0,2488761,Business Loan,512.0,4,51849.19,Delayed,Rejected,0.7296237254545561,2.9184947610978536,Poor
CUST01353,63,Male,Kolkata,Self-Employed,2286453.0,3197887,Car Loan,341.0,5,53298.12,Delayed,Defaulted,0.27972472646496566,1.3986235448530977,Poor
CUST01429,50,Female,Delhi,Self-Employed,2495936.0,478556,Personal Loan,557.0,4,9969.92,Missed,Defaulted,0.047933536757352756,0.19173408292520322,Fair
CUST01442,41,Female,Mumbai,Business Owner,973210.0,2074611,Personal Loan,556.0,4,43221.06,Good,Rejected,0.5329299123519076,2.131719772710926,Fair
CUST01360,55,Female,Ahmedabad,Business Owner,1357588.5,204536,Car Loan,608.0,3,5681.56,Good,Rejected,0.05022046076554125,0.1506612644405871,Fair
CUST00693,35,Female,Bangalore,Salaried,733634.0,2523006,Personal Loan,498.0,6,35041.75,Delayed,Defaulted,0.5731754526098845,3.439052715659307,Poor
CUST00589,49,Female,Jaipur,Salaried,1226657.0,4878022,Business Loan,524.0,17,23911.87,Delayed,Rejected,0.23392231080081882,3.976679707530304,Poor
CUST00044,47,Male,Chennai,Salaried,2106039.0,4918923,Business Loan,742.0,13,31531.56,Delayed,Rejected,0.17966368144179667,2.335627687806351,Good
CUST00275,37,Female,Mumbai,Self-Employed,663547.0,1852466,Education Loan,806.0,8,19296.52,Missed,Defaulted,0.3489703668315884,2.7917630552168875,Excellent
CUST01122,61,Male,Bangalore,Self-Employed,1290445.0,4855028,Car Loan,832.0,5,80917.13,Delayed,Rejected,0.7524579195548823,3.762289752759707,Excellent
CUST00102,30,Female,Ahmedabad,Salaried,2180290.0,3862010,Personal Loan,558.0,11,29257.65,Excellent,Rejected,0.16102986299987618,1.7713285847295543,Fair
CUST01006,52,Male,Ahmedabad,Salaried,986261.0,2411331,Car Loan,857.0,16,12559.02,Delayed,Approved,0.15280766450260122,2.4449217803400924,Excellent
CUST01310,37,Male,Pune,Business Owner,949468.0,4446208,Personal Loan,559.0,16,23157.33,Excellent,Rejected,0.29267754152851916,4.682841338517991,Fair
CUST01211,35,Female,Kolkata,Freelancer,867540.0,1565554,Personal Loan,521.0,14,9318.77,Delayed,Rejected,0.12889923231205477,1.8045899900869125,Poor
CUST00108,45,Male,Delhi,Freelancer,2369392.0,4882303,Personal Loan,893.0,14,29061.33,Missed,Defaulted,0.1471837332108828,2.060572079250711,Excellent
CUST01805,51,Female,Lucknow,Salaried,1715331.0,594344,Personal Loan,640.0,3,16509.56,Delayed,Approved,0.11549649601155697,0.34648939475821283,Fair
CUST00498,56,Male,Pune,Self-Employed,939290.0,2725032,Home Loan,785.0,10,22708.6,Good,Approved,0.2901161515612856,2.9011615156128565,Excellent
CUST00915,23,Female,Chennai,Salaried,424605.0,1229580,Education Loan,878.0,15,6831.0,Missed,Defaulted,0.1930547214469919,2.895820821704879,Excellent
CUST00782,26,Female,Hyderabad,Business Owner,953704.0,3719021,Car Loan,879.0,10,30991.84,Good,Rejected,0.389955457877916,3.8995547884878325,Excellent
CUST00728,51,Male,Pune,Business Owner,827220.0,1464474,Personal Loan,840.0,13,9387.65,Missed,Defaulted,0.13618118517443967,1.7703561325886705,Excellent
CUST01132,22,Female,Ahmedabad,Self-Employed,387771.0,1237018,Education Loan,325.0,9,11453.87,Delayed,Defaulted,0.35445260218015273,3.19007352277504,Poor
CUST01324,46,Male,Ahmedabad,Salaried,377241.0,2018921,Education Loan,311.0,4,42060.85,Missed,Defaulted,1.337951601231043,5.35180693508924,Poor
CUST01778,25,Male,Bangalore,Freelancer,1256600.0,1101690,Business Loan,686.0,10,9180.75,Good,Approved,0.0876722903071781,0.876722903071781,Good
CUST00839,57,Female,Hyderabad,Business Owner,2454736.0,242458,Car Loan,584.0,19,1063.41,Delayed,Rejected,0.005198489776497351,0.0987715175888568,Fair
CUST00073,42,Female,Lucknow,Business Owner,1788878.0,4496460,Personal Loan,841.0,9,41633.89,Good,Approved,0.27928493726235104,2.5135643682800057,Excellent
CUST00820,46,Female,Bangalore,Freelancer,310155.0,1120913,Home Loan,606.0,6,15568.24,Good,Rejected,0.6023403781979978,3.6140413664135673,Fair
CUST01240,44,Male,Lucknow,Salaried,1669539.0,1632701,Personal Loan,614.0,16,8503.65,Delayed,Approved,0.06112094416482633,0.9779352264307692,Fair
CUST01193,33,Male,Bangalore,Freelancer,2433795.0,2777364,Home Loan,739.0,16,14465.44,Delayed,Approved,0.07132288463079266,1.1411659568698267,Good
CUST00482,31,Male,Pune,Self-Employed,1516189.0,1124477,Business Loan,878.0,18,5205.91,Good,Approved,0.04120259413569152,0.741646984643735,Excellent
CUST01092,27,Male,Lucknow,Self-Employed,1307229.0,3279112,Car Loan,655.0,4,68314.83,Excellent,Rejected,0.6271112100481246,2.508444962588804,Good
CUST00507,58,Female,Kolkata,Salaried,443306.0,2994236,Business Loan,355.0,2,124759.83,Good,Defaulted,3.377166020762182,6.754332221986619,Poor
CUST01602,50,Male,Bangalore,Self-Employed,1053823.0,4349376,Education Loan,402.0,11,32949.82,Excellent,Defaulted,0.37520327417412597,4.127235788173156,Poor
CUST01483,39,Female,Ahmedabad,Freelancer,1574073.0,4738195,Education Loan,704.0,16,24678.1,Missed,Defaulted,0.18813434955049732,3.010149465749047,Good
CUST00766,24,Male,Kolkata,Business Owner,473146.0,119518,Personal Loan,515.0,11,905.44,Good,Rejected,0.022963905432995313,0.25260279068194597,Poor
CUST01587,36,Female,Kolkata,Salaried,1416593.0,3461647,Car Loan,827.0,1,288470.58,Excellent,Approved,2.4436425705901414,2.4436425988269037,Excellent
CUST01011,29,Male,Mumbai,Freelancer,330544.0,4398530,Home Loan,371.0,17,21561.42,Missed,Defaulted,0.7827612662761991,13.306942494796457,Poor
CUST00312,27,Female,Mumbai,Freelancer,2361088.0,922834,Business Loan,394.0,9,8544.76,Excellent,Defaulted,0.04342791120026022,0.3908511669196574,Poor
CUST00858,25,Female,Mumbai,Freelancer,2100341.0,3880415,Home Loan,528.0,17,19021.64,Delayed,Rejected,0.10867743856830867,1.8475166651510397,Poor
CUST00406,46,Female,Pune,Freelancer,684814.0,1664694,Home Loan,402.0,10,13872.45,Delayed,Defaulted,0.2430870280105255,2.430870280105255,Poor
CUST00753,64,Female,Kolkata,Business Owner,339544.0,3103380,Personal Loan,703.0,14,18472.5,Missed,Defaulted,0.6528461701576231,9.139846382206724,Good
CUST01207,44,Female,Kolkata,Freelancer,485622.0,3766434,Home Loan,594.0,10,31386.95,Delayed,Defaulted,0.775589656152316,7.75589656152316,Fair
CUST00310,51,Female,Bangalore,Self-Employed,1165188.0,3680623,Personal Loan,677.0,2,153359.29,Missed,Defaulted,1.579411631427718,3.1588232971846604,Good
CUST00227,54,Female,Chennai,Business Owner,2261774.0,3693327,Education Loan,538.0,9,34197.47,Delayed,Rejected,0.18143706665652715,1.6329337060201417,Poor
CUST01733,41,Male,Ahmedabad,Business Owner,244816.0,2014724,Education Loan,625.0,7,23984.81,Good,Defaulted,1.1756491405790472,8.229543820665317,Fair
CUST01815,35,Female,Ahmedabad,Freelancer,628745.0,2495738,Education Loan,854.0,5,41595.63,Excellent,Approved,0.7938791720013677,3.96939617810082,Excellent
CUST01560,43,Male,Pune,Salaried,1521448.0,1653344,Personal Loan,346.0,2,68889.33,Delayed,Defaulted,0.5433455234750053,1.086691099531499,Poor
CUST00856,27,Female,Chennai,Business Owner,1542057.0,2493445,Car Loan,510.0,18,11543.73,Delayed,Rejected,0.08983115410130754,1.6169603328541033,Poor
CUST01048,58,Female,Bangalore,Salaried,790381.0,3925416,Car Loan,390.0,17,19242.24,Delayed,Defaulted,0.29214629400251274,4.96648578343862,Poor
CUST00149,23,Male,Hyderabad,Business Owner,2039903.0,1597419,Car Loan,635.0,5,26623.65,Excellent,Approved,0.1566171528744259,0.7830857643721295,Fair
CUST01798,42,Female,Ahmedabad,Freelancer,1878997.0,2649098,Education Loan,859.0,12,18396.51,Excellent,Approved,0.11748721259267578,1.4098468491434526,Excellent
CUST01081,23,Female,Bangalore,Business Owner,2418820.0,3912949,Car Loan,622.0,18,18115.5,Excellent,Rejected,0.08987274786879552,1.6177098750630472,Fair
CUST00862,52,Male,Mumbai,Business Owner,1385111.0,3560043,Personal Loan,840.0,1,296670.25,Excellent,Approved,2.5702221699199557,2.5702221699199557,Excellent
CUST00846,62,Female,Mumbai,Business Owner,2130082.0,4152553,Personal Loan,860.0,16,21627.88,Missed,Defaulted,0.1218425206165772,1.949480348643855,Excellent
CUST01390,50,Female,Kolkata,Self-Employed,950186.0,115756,Home Loan,894.0,6,1607.72,Delayed,Approved,0.020304066782714122,0.12182456908436874,Excellent
CUST00576,25,Female,Chennai,Self-Employed,753343.0,3654886,Business Loan,351.0,18,16920.77,Good,Defaulted,0.2695309307977906,4.851556329586921,Poor
CUST00558,28,Male,Pune,Business Owner,1656081.0,3413244,Car Loan,746.0,4,71109.25,Delayed,Approved,0.5152592173933521,2.0610368695734085,Good
CUST00722,60,Female,Delhi,Self-Employed,2483520.0,2608845,Education Loan,594.0,2,108701.88,Excellent,Rejected,0.5252313490529571,1.0504626497873986,Fair
CUST01913,29,Male,Ahmedabad,Salaried,1601652.0,1780841,Personal Loan,853.0,12,12366.95,Delayed,Approved,0.09265645720793282,1.1118776113662643,Excellent
CUST01988,49,Male,Bangalore,Salaried,1415358.0,2862753,Car Loan,867.0,17,14033.1,Delayed,Approved,0.11897851992216811,2.022635262597873,Excellent
CUST01732,32,Male,Lucknow,Salaried,923858.0,54011,Business Loan,882.0,15,300.06,Delayed,Approved,0.0038974820805794835,0.0584624476921778,Excellent
CUST01980,23,Female,Bangalore,Business Owner,1349734.0,4232531,Personal Loan,594.0,8,44088.86,Delayed,Rejected,0.391978212003254,3.13582602201619,Fair
CUST00994,58,Female,Jaipur,Freelancer,1536092.0,3847267,Home Loan,405.0,1,320605.58,Good,Defaulted,2.5045810797790757,2.5045811058191827,Poor
CUST00287,38,Male,Bangalore,Salaried,797218.0,1222304,Car Loan,427.0,9,11317.63,Delayed,Defaulted,0.17035686600152028,1.5332117438392008,Poor
CUST01636,29,Female,Hyderabad,Business Owner,1053392.0,2945107,Education Loan,403.0,19,12917.14,Missed,Defaulted,0.14714909549341554,2.7958319410058174,Poor
CUST01722,60,Female,Jaipur,Freelancer,2108911.0,1885068,Car Loan,888.0,2,78544.5,Missed,Defaulted,0.4469292445247808,0.8938584890495616,Excellent
CUST00629,33,Male,Mumbai,Business Owner,2476787.0,4420602,Personal Loan,741.0,15,24558.9,Excellent,Rejected,0.11898754313552197,1.7848131470328292,Good
CUST00599,46,Female,Jaipur,Salaried,1317862.0,985783,Personal Loan,600.0,6,13691.43,Delayed,Rejected,0.1246694722209154,0.748016863677684,Fair
CUST00966,54,Male,Bangalore,Salaried,1427146.0,4094630,Personal Loan,855.0,9,37913.24,Good,Approved,0.31878930396749877,2.8691037917634215,Excellent
CUST01594,50,Male,Lucknow,Freelancer,678108.0,197032,Car Loan,849.0,7,2345.62,Good,Approved,0.04150878621104603,0.29056138550201444,Excellent
CUST01669,51,Male,Bangalore,Freelancer,943088.0,687509,Business Loan,622.0,8,7161.55,Good,Approved,0.0911246882581477,0.7289977181344689,Fair
CUST01619,41,Female,Kolkata,Freelancer,2162434.0,3169812,Business Loan,714.0,13,20319.31,Delayed,Rejected,0.11275799400120422,1.4658537555365851,Good
CUST01076,56,Male,Lucknow,Freelancer,2399391.0,2436537,Home Loan,494.0,13,15618.83,Good,Defaulted,0.07811397142024788,1.0154814284124596,Poor
CUST01256,49,Male,Hyderabad,Self-Employed,1489467.0,2567649,Business Loan,526.0,1,213970.75,Excellent,Rejected,1.7238710223187221,1.7238710223187221,Poor
CUST00835,31,Female,Kolkata,Freelancer,1946688.0,750270,Education Loan,320.0,13,4809.42,Good,Defaulted,0.02964678469277049,0.38540844757865667,Poor
CUST00938,61,Male,Ahmedabad,Salaried,803291.0,1880288,Home Loan,429.0,8,19586.33,Good,Defaulted,0.29259130252922044,2.340730818595005,Poor
CUST00783,62,Male,Jaipur,Self-Employed,1451011.0,551793,Education Loan,598.0,8,5747.84,Missed,Defaulted,0.04753518753476025,0.38028174838095646,Fair
CUST01230,63,Female,Delhi,Freelancer,1371682.0,2057878,Home Loan,400.0,1,171489.83,Missed,Defaulted,1.5002587771801335,1.5002588063414115,Poor
CUST01853,41,Female,Delhi,Salaried,1771286.0,203706,Personal Loan,570.0,17,998.56,Delayed,Rejected,0.006764983181710915,0.11500457859430945,Fair
CUST00610,56,Female,Chennai,Business Owner,788158.0,2942927,Home Loan,752.0,10,24524.39,Good,Rejected,0.37339299988073454,3.7339302525635722,Excellent
CUST01432,55,Female,Kolkata,Freelancer,646790.0,546232,Car Loan,524.0,15,3034.62,Delayed,Rejected,0.05630179811066962,0.8445275900987956,Poor
CUST00825,38,Female,Jaipur,Self-Employed,2284508.0,3103407,Car Loan,480.0,1,258617.25,Excellent,Defaulted,1.358457488439524,1.358457488439524,Poor
CUST01451,59,Female,Kolkata,Business Owner,842762.0,470993,Car Loan,675.0,11,3568.13,Delayed,Rejected,0.05080622999138547,0.5588683400533009,Good
CUST01037,34,Female,Ahmedabad,Business Owner,1380788.0,1852502,Education Loan,796.0,7,22053.6,Missed,Defaulted,0.1916609935775803,1.3416266653534068,Excellent
CUST00494,31,Female,Chennai,Self-Employed,2069059.0,2073615,Car Loan,351.0,14,12342.95,Excellent,Defaulted,0.07158587551152482,1.0022019671744498,Poor
CUST01588,53,Male,Mumbai,Business Owner,758963.0,2755421,Education Loan,444.0,11,20874.4,Excellent,Defaulted,0.3300461287309131,3.6305076795575015,Poor
CUST00278,54,Male,Kolkata,Self-Employed,1893439.0,847583,Education Loan,354.0,13,5433.22,Missed,Defaulted,0.03443397965289613,0.447642094622536,Poor
CUST01886,60,Female,Hyderabad,Salaried,1416593.0,3261407,Business Loan,585.0,2,135891.96,Missed,Defaulted,1.1511446971713117,2.302289366105861,Fair
CUST00359,37,Female,Hyderabad,Freelancer,1391855.0,2488710,Personal Loan,614.0,19,10915.39,Good,Approved,0.09410799257106522,1.7880526347931358,Fair
CUST01673,53,Female,Kolkata,Salaried,1009057.0,4872778,Personal Loan,619.0,8,50758.1,Good,Rejected,0.6036301219851802,4.829041372291159,Fair
CUST00237,52,Male,Hyderabad,Business Owner,2320464.0,1895700,Education Loan,838.0,16,9873.44,Excellent,Approved,0.051059305380303247,0.8169486792296713,Excellent
CUST00552,39,Female,Jaipur,Freelancer,1133396.0,284000,Personal Loan,878.0,14,1690.48,Missed,Defaulted,0.017898210334252106,0.2505743800048703,Excellent
CUST01907,64,Male,Delhi,Freelancer,855129.0,2104048,Home Loan,341.0,13,13487.49,Delayed,Defaulted,0.18926954880491717,2.4605036199216728,Poor
CUST00931,32,Female,Hyderabad,Freelancer,2202348.0,4484315,Car Loan,770.0,17,21981.94,Excellent,Approved,0.11977365974859558,2.036151870639881,Excellent
CUST00209,32,Male,Delhi,Salaried,1457100.0,4451207,Business Loan,466.0,9,41214.88,Excellent,Defaulted,0.3394266419600576,3.054839750188731,Poor
CUST01415,58,Male,Hyderabad,Self-Employed,860327.0,903159,Home Loan,623.0,16,4703.95,Missed,Defaulted,0.06561156397509318,1.049785721010732,Fair
CUST01592,55,Male,Pune,Freelancer,892924.0,456884,Education Loan,803.0,11,3461.24,Delayed,Rejected,0.04651558251318141,0.5116717660181606,Excellent
CUST00059,25,Female,Hyderabad,Business Owner,1883505.0,2328581,Personal Loan,875.0,13,14926.8,Good,Approved,0.09510014573892821,1.2363020007910783,Excellent
CUST00632,29,Female,Pune,Self-Employed,1474634.0,2412854,Personal Loan,320.0,5,40214.23,Delayed,Defaulted,0.3272478187807958,1.636239229530853,Poor
CUST01616,42,Male,Kolkata,Self-Employed,219477.0,1978356,Home Loan,691.0,7,23551.86,Missed,Defaulted,1.2877081425388537,9.013955904263318,Good
CUST01899,50,Female,Chennai,Salaried,926448.0,2871058,Business Loan,594.0,10,23925.48,Missed,Rejected,0.30989948707320863,3.0989953024886447,Fair
CUST01609,43,Female,Bangalore,Self-Employed,400339.0,2808566,Business Loan,462.0,7,33435.31,Excellent,Defaulted,1.002209927086794,7.015469389692236,Poor
CUST00364,49,Male,Ahmedabad,Salaried,2160208.0,1980440,Personal Loan,874.0,2,82518.33,Missed,Defaulted,0.458391025308674,0.9167820876508188,Excellent
CUST00506,53,Female,Kolkata,Self-Employed,1295426.0,4692681,Home Loan,778.0,15,26070.45,Good,Approved,0.24150001621088354,3.6225002431632527,Excellent
CUST01493,50,Male,Kolkata,Salaried,2213148.0,1659425,Home Loan,668.0,12,11523.78,Good,Approved,0.062483557358116136,0.7498029955520372,Good
CUST01147,50,Female,Jaipur,Business Owner,2450397.0,2485678,Car Loan,771.0,8,25892.48,Good,Approved,0.12679976346689945,1.0143980750874246,Excellent
CUST01709,59,Female,Delhi,Self-Employed,978799.0,3482338,Education Loan,594.0,7,41456.4,Good,Rejected,0.5082522560811771,3.5577662012323263,Fair
CUST01885,50,Female,Pune,Self-Employed,1776317.0,79813,Personal Loan,381.0,4,1662.77,Delayed,Defaulted,0.011232927456079065,0.04493173234281944,Poor
CUST01647,24,Female,Hyderabad,Salaried,1416593.0,1170113,Business Loan,717.0,16,6094.34,Good,Approved,0.05162532922300195,0.8260050699106942,Good
CUST01406,58,Female,Hyderabad,Business Owner,339227.0,289608,Personal Loan,889.0,13,1856.46,Excellent,Approved,0.06567142356003502,0.8537292137713095,Excellent
CUST01007,57,Male,Delhi,Freelancer,250098.0,1208343,Business Loan,349.0,6,16782.54,Missed,Defaulted,0.8052462634647218,4.8314780606002445,Poor
CUST00119,24,Male,Ahmedabad,Salaried,1760354.0,80257,Business Loan,628.0,19,352.0,Delayed,Approved,0.002399517369801756,0.0455913980937925,Fair
CUST01275,54,Female,Chennai,Self-Employed,879447.0,2493869,Home Loan,383.0,16,12988.9,Good,Defaulted,0.17723273830031824,2.8357240402207298,Poor
CUST00793,51,Male,Delhi,Salaried,775919.0,556995,Home Loan,614.0,10,4641.62,Delayed,Rejected,0.07178512190061076,0.7178519922826996,Fair
CUST00523,62,Male,Mumbai,Self-Employed,1104098.0,2836905,Car Loan,833.0,6,39401.46,Missed,Defaulted,0.42823872518562667,2.5694322424277556,Excellent
CUST00514,51,Female,Ahmedabad,Business Owner,1011554.0,4763199,Home Loan,719.0,16,24808.33,Missed,Defaulted,0.2942996221654998,4.708793598759928,Good
CUST00082,22,Male,Hyderabad,Business Owner,742015.0,243839,Personal Loan,463.0,2,10159.96,Excellent,Defaulted,0.1643086999588957,0.3286173460105254,Poor
CUST00939,43,Female,Delhi,Business Owner,907755.0,1891646,Home Loan,651.0,17,9272.77,Delayed,Rejected,0.12258069633326174,2.083872851154772,Good
CUST01042,61,Male,Pune,Self-Employed,2221770.0,3984053,Business Loan,671.0,16,20750.28,Good,Approved,0.11207431912394171,1.7931887639134565,Good
CUST00381,60,Female,Bangalore,Freelancer,2421599.0,3929928,Home Loan,606.0,3,109164.67,Missed,Defaulted,0.5409549805727538,1.622864892164227,Fair
CUST01822,38,Male,Mumbai,Business Owner,852416.0,160957,Business Loan,689.0,16,838.32,Missed,Defaulted,0.011801561678804716,0.18882447068098204,Good
CUST01833,44,Male,Hyderabad,Freelancer,1229933.0,735328,Education Loan,492.0,8,7659.67,Delayed,Defaulted,0.07473255860278569,0.5978602086455116,Poor
CUST00085,30,Male,Pune,Self-Employed,294018.0,2977053,Business Loan,594.0,12,20673.98,Excellent,Defaulted,0.8437842581066466,10.12541068914148,Fair
CUST01712,36,Female,Lucknow,Salaried,2381533.0,4861889,Personal Loan,842.0,16,25322.34,Delayed,Rejected,0.12759347865429538,2.041495540897397,Excellent
CUST01531,35,Female,Bangalore,Self-Employed,2251811.0,1603091,Education Loan,653.0,15,8906.06,Delayed,Rejected,0.047460786007351416,0.711911878927672,Good
CUST00330,24,Male,Kolkata,Self-Employed,2159925.0,1191452,Education Loan,492.0,1,99287.67,Good,Defaulted,0.551617320045835,0.5516173015266734,Poor
CUST00007,60,Male,Bangalore,Freelancer,1187471.0,1855518,Car Loan,511.0,16,9664.16,Excellent,Rejected,0.09766126499089241,1.562579633523682,Poor
CUST01188,32,Female,Pune,Freelancer,1159131.0,2480630,Personal Loan,356.0,18,11484.4,Delayed,Defaulted,0.11889320534089762,2.1400773510500537,Poor
CUST01271,55,Female,Delhi,Freelancer,937954.0,4499797,Car Loan,762.0,3,124994.36,Excellent,Rejected,1.5991533913176978,4.7974602165991085,Excellent
CUST01819,23,Female,Jaipur,Freelancer,1391855.0,2209020,Personal Loan,548.0,6,30680.83,Good,Rejected,0.26451746769598844,1.5871049786076854,Poor
CUST00907,27,Male,Ahmedabad,Self-Employed,2361352.0,1512603,Personal Loan,397.0,1,126050.25,Delayed,Defaulted,0.6405665059677677,0.6405665059677677,Poor
CUST00452,49,Female,Lucknow,Business Owner,1357588.5,3992863,Education Loan,657.0,7,47534.08,Delayed,Approved,0.42016337056479186,2.9411438002016075,Good
CUST00491,46,Female,Bangalore,Business Owner,1133688.0,2921259,Car Loan,530.0,19,12812.54,Excellent,Rejected,0.13561974723204268,2.5767750915595826,Poor
CUST01512,63,Female,Hyderabad,Salaried,2295013.0,436213,Business Loan,534.0,12,3029.26,Good,Rejected,0.01583917825302079,0.19006994731620255,Poor
CUST00288,54,Male,Hyderabad,Freelancer,1017052.0,1693909,Business Loan,704.0,18,7842.17,Good,Approved,0.09252824830982094,1.6655087448822676,Good
CUST00944,58,Female,Kolkata,Business Owner,919407.0,2300618,Education Loan,682.0,4,47929.54,Missed,Defaulted,0.6255711344377408,2.5022846247635706,Good
CUST00376,64,Female,Lucknow,Freelancer,1079903.0,4991064,Education Loan,687.0,19,21890.63,Missed,Rejected,0.2432510697720073,4.621770659031413,Good
CUST01396,60,Male,Kolkata,Self-Employed,1359662.0,3328262,Business Loan,589.0,4,69338.79,Excellent,Rejected,0.6119649442287862,2.4478598357532975,Fair
CUST01868,41,Male,Pune,Freelancer,1787819.0,1784635,Business Loan,383.0,12,12393.3,Good,Defaulted,0.08318493091302866,0.9982190590881963,Poor
CUST01757,39,Male,Bangalore,Self-Employed,529231.0,1482672,Home Loan,897.0,8,15444.5,Good,Approved,0.350194905438268,2.801559243506144,Excellent
CUST01305,40,Male,Lucknow,Self-Employed,752439.0,4745995,Business Loan,671.0,19,20815.77,Missed,Defaulted,0.33197274463444876,6.307481403808149,Good
CUST01736,27,Female,Jaipur,Business Owner,421552.0,3239187,Education Loan,623.0,18,14996.24,Delayed,Defaulted,0.4268865525486773,7.683955953239458,Fair
CUST01953,44,Female,Jaipur,Business Owner,681215.0,810330,Car Loan,424.0,15,4501.83,Missed,Defaulted,0.07930236415815858,1.1895363431515749,Poor
CUST01467,55,Female,Delhi,Self-Employed,2078006.0,4247099,Education Loan,601.0,12,29493.74,Delayed,Approved,0.1703194697224166,2.0438338484104475,Fair
CUST01341,36,Female,Bangalore,Salaried,756718.0,410306,Personal Loan,589.0,6,5698.69,Missed,Defaulted,0.09036956964153092,0.5422178407279858,Fair
CUST01112,34,Male,Mumbai,Freelancer,1586689.0,2395251,Car Loan,414.0,9,22178.25,Good,Defaulted,0.16773230292766889,1.5095907263490198,Poor
CUST01689,43,Male,Hyderabad,Freelancer,330356.0,3822088,Personal Loan,533.0,5,63701.47,Missed,Defaulted,2.3139208611316278,11.569603700250639,Poor
CUST00328,63,Female,Pune,Salaried,292601.0,3400448,Home Loan,318.0,14,20240.76,Missed,Defaulted,0.8301035198102535,11.62145037098301,Poor
CUST00443,40,Male,Kolkata,Business Owner,2442168.0,4874574,Home Loan,762.0,16,25388.41,Missed,Defaulted,0.1247501891761746,1.9960027319987814,Excellent
CUST01660,23,Male,Kolkata,Freelancer,714265.0,673090,Personal Loan,527.0,9,6232.31,Missed,Defaulted,0.10470584446948962,0.9423533282465192,Poor
CUST01103,41,Male,Kolkata,Salaried,888152.0,4056389,Education Loan,457.0,8,42254.05,Good,Defaulted,0.5709029535484917,4.567223853574613,Poor
CUST01488,26,Female,Chennai,Business Owner,1602222.0,4102579,Education Loan,575.0,4,85470.4,Delayed,Rejected,0.6401390069540924,2.560555902989723,Fair
CUST01461,24,Female,Lucknow,Self-Employed,615842.0,2802690,Car Loan,451.0,8,29194.69,Excellent,Defaulted,0.5688736396673172,4.55098872762819,Poor
CUST00178,45,Female,Jaipur,Freelancer,391703.0,2287300,Personal Loan,885.0,19,10032.02,Missed,Defaulted,0.30733550674873567,5.839373198571367,Excellent
CUST00786,55,Female,Kolkata,Business Owner,1525569.0,3827341,Education Loan,693.0,4,79736.27,Delayed,Rejected,0.6271989270888436,2.5087957345750995,Good
CUST01385,39,Male,Lucknow,Self-Employed,1635601.0,1496395,Education Loan,708.0,1,124699.58,Good,Rejected,0.9148899762228073,0.9148900006786497,Good
CUST00087,22,Female,Kolkata,Salaried,2198197.0,3040193,Personal Loan,574.0,8,31668.68,Delayed,Rejected,0.17287993751242497,1.383039372722281,Fair
CUST01437,26,Male,Bangalore,Salaried,326310.0,3921240,Business Loan,535.0,16,20423.12,Delayed,Defaulted,0.7510570929484233,12.016916429162453,Poor
CUST01940,62,Male,Hyderabad,Freelancer,1545592.0,1381379,Personal Loan,445.0,1,115114.92,Excellent,Defaulted,0.8937540049379138,0.8937539790578626,Poor
CUST00458,56,Male,Mumbai,Business Owner,2401044.0,2900774,Car Loan,421.0,9,26859.02,Delayed,Defaulted,0.1342367070324409,1.2081302966542886,Poor
CUST01867,58,Male,Ahmedabad,Business Owner,367527.0,2610272,Education Loan,813.0,2,108761.33,Missed,Defaulted,3.5511294680390826,7.102259153749248,Excellent
CUST00055,25,Male,Kolkata,Self-Employed,275388.0,2530017,Personal Loan,479.0,15,14055.65,Excellent,Defaulted,0.6124733103838946,9.187099655758422,Poor
CUST01533,50,Male,Ahmedabad,Self-Employed,1668919.0,2219068,Personal Loan,738.0,1,184922.33,Good,Rejected,1.3296438952399727,1.3296439192075828,Good
CUST00644,30,Male,Jaipur,Salaried,2233901.0,239073,Home Loan,580.0,9,2213.64,Excellent,Rejected,0.011891162589568651,0.1070204095884285,Fair
CUST00678,49,Female,Delhi,Self-Employed,439968.0,3239189,Personal Loan,556.0,13,20764.03,Delayed,Defaulted,0.5663329151210997,7.36232862389992,Fair
CUST00222,40,Male,Pune,Business Owner,1357588.5,328495,Car Loan,514.0,13,2105.74,Good,Rejected,0.01861306279480122,0.24196949222831513,Poor
CUST00114,56,Female,Delhi,Salaried,2290545.0,1483284,Home Loan,503.0,4,30901.75,Missed,Defaulted,0.16189203879426076,0.647568155177043,Poor
CUST01161,53,Male,Pune,Self-Employed,1411569.0,885988,Education Loan,594.0,9,8203.59,Missed,Approved,0.06974018273283134,0.6276618429563131,Fair
CUST01337,42,Female,Bangalore,Self-Employed,1234186.0,3217126,Home Loan,561.0,14,19149.56,Excellent,Rejected,0.18619131962281216,2.606678409899318,Fair
CUST01030,27,Female,Mumbai,Business Owner,2447175.0,4904501,Personal Loan,525.0,17,24041.67,Good,Rejected,0.11789105397039443,2.004148048259728,Poor
CUST00175,36,Male,Pune,Salaried,487313.0,3835961,Personal Loan,499.0,8,39957.93,Missed,Defaulted,0.9839572512943427,7.871657435775364,Poor
CUST00808,45,Female,Chennai,Salaried,660796.0,3111342,Personal Loan,300.0,17,15251.68,Good,Defaulted,0.2769692310486141,4.708475838231466,Poor
CUST00590,41,Male,Hyderabad,Freelancer,1579904.0,2547934,Personal Loan,315.0,4,53081.96,Missed,Defaulted,0.40317862351130196,1.6127144434092198,Poor
CUST01987,27,Female,Hyderabad,Self-Employed,1808795.0,4640723,Business Loan,370.0,15,25781.79,Delayed,Defaulted,0.1710428655541396,2.565643425595493,Poor
CUST00019,45,Female,Chennai,Freelancer,1452078.0,848658,Personal Loan,515.0,10,7072.15,Good,Rejected,0.058444381086966396,0.584443810869664,Poor
CUST00424,51,Male,Delhi,Self-Employed,1182599.0,2373724,Personal Loan,846.0,16,12363.15,Missed,Defaulted,0.1254506388048696,2.0072095444017797,Excellent
CUST01982,24,Female,Mumbai,Freelancer,1312548.0,1079516,Education Loan,740.0,14,6425.69,Excellent,Approved,0.0587470172519405,0.8224583024773189,Good
CUST00286,24,Female,Bangalore,Business Owner,2056231.0,4803292,Home Loan,743.0,15,26684.96,Missed,Rejected,0.15573129672687555,2.335969061841787,Good
CUST01615,50,Male,Lucknow,Freelancer,1575607.0,244152,Home Loan,509.0,11,1849.64,Excellent,Rejected,0.014087066127530534,0.15495742275834012,Poor
CUST00429,47,Male,Hyderabad,Business Owner,1840920.0,3423307,Business Loan,303.0,11,25934.14,Missed,Defaulted,0.16905117006714035,1.8595631532060057,Poor
CUST01541,38,Female,Lucknow,Business Owner,2196961.0,2561019,Personal Loan,392.0,6,35569.71,Missed,Defaulted,0.1942849782039827,1.1657098146029903,Poor
CUST01420,45,Female,Ahmedabad,Self-Employed,2009858.0,1650720,Personal Loan,638.0,17,8091.76,Good,Approved,0.04831242804218009,0.8213117543627461,Fair
CUST00670,34,Female,Pune,Freelancer,1761588.0,2258578,Education Loan,529.0,12,15684.57,Missed,Defaulted,0.10684384771013426,1.282126127108041,Poor
CUST00032,36,Male,Mumbai,Business Owner,263646.0,1005205,Education Loan,594.0,1,83767.08,Good,Approved,3.812707038984092,3.812707190702685,Fair
CUST01995,58,Female,Ahmedabad,Freelancer,397097.0,869973,Car Loan,524.0,16,4531.11,Good,Rejected,0.1369270480512318,2.190832466626542,Poor
CUST00723,59,Male,Delhi,Self-Employed,1353824.0,1662033,Business Loan,804.0,10,13850.28,Delayed,Rejected,0.12276585435034393,1.2276581003143687,Excellent
CUST01166,37,Female,Chennai,Freelancer,1263319.0,4355665,Home Loan,624.0,8,45371.51,Good,Rejected,0.43097437780956355,3.4477950541391365,Fair
CUST00215,50,Female,Chennai,Salaried,1064645.0,4300167,Business Loan,745.0,6,59724.54,Delayed,Rejected,0.673176955698848,4.039061846906716,Good
CUST01924,37,Male,Ahmedabad,Freelancer,2348983.0,3489187,Education Loan,675.0,16,18172.85,Missed,Defaulted,0.09283770891487933,1.4854032574948393,Good
CUST01272,45,Female,Hyderabad,Freelancer,907173.0,654111,Personal Loan,840.0,11,4955.39,Missed,Defaulted,0.06554943764860728,0.7210432850184033,Excellent
CUST00327,46,Male,Ahmedabad,Self-Employed,1407786.0,2936569,Education Loan,356.0,12,20392.84,Missed,Defaulted,0.1738290336741522,2.0859484325032356,Poor
CUST00561,63,Female,Ahmedabad,Self-Employed,1353824.0,4481373,Personal Loan,740.0,18,20747.1,Excellent,Rejected,0.18389775923606022,3.3101592230600136,Good
CUST01138,31,Female,Pune,Self-Employed,951518.0,3300428,Personal Loan,670.0,5,55007.13,Missed,Defaulted,0.6937184162569704,3.468592291475306,Good
CUST00701,55,Male,Pune,Salaried,1045474.0,3683646,Personal Loan,357.0,4,76742.62,Delayed,Defaulted,0.8808554206034774,3.5234219119748555,Poor
CUST00775,39,Male,Mumbai,Self-Employed,277175.0,3537379,Education Loan,783.0,1,294781.58,Excellent,Defaulted,12.762258356633895,12.762258500947055,Excellent
CUST01976,56,Male,Jaipur,Business Owner,899895.0,3811090,Business Loan,839.0,14,22685.06,Good,Rejected,0.30250275865517645,4.23503853227321,Excellent
CUST00342,61,Male,Lucknow,Freelancer,1939080.0,1043978,Personal Loan,408.0,12,7249.85,Missed,Defaulted,0.04486570951172722,0.5383883078573344,Poor
CUST00630,45,Female,Delhi,Freelancer,2454614.0,2730990,Business Loan,502.0,1,227582.5,Missed,Defaulted,1.1125944853243728,1.1125944853243728,Poor
CUST00148,49,Female,Jaipur,Self-Employed,1864742.0,3395026,Business Loan,367.0,8,35364.85,Missed,Defaulted,0.22758011564066233,1.820641139632185,Poor
CUST01223,55,Male,Delhi,Self-Employed,1636457.0,1945618,Personal Loan,582.0,7,23162.12,Missed,Defaulted,0.1698458560169928,1.18892094323285,Fair
CUST00361,33,Female,Kolkata,Self-Employed,1868321.0,3550967,Personal Loan,316.0,18,16439.66,Good,Defaulted,0.10558994947870307,1.9006193261222242,Poor
CUST00084,28,Male,Chennai,Salaried,457681.0,3097589,Home Loan,594.0,16,16133.28,Excellent,Defaulted,0.4230006489235953,6.768008722232297,Fair
CUST00049,29,Male,Chennai,Self-Employed,1445077.0,2322759,Home Loan,885.0,13,14889.48,Missed,Defaulted,0.12364307230687362,1.6073600230299148,Excellent
CUST00469,64,Male,Chennai,Salaried,1920023.0,1210152,Personal Loan,344.0,19,5307.68,Missed,Defaulted,0.033172602619864454,0.630279949771435,Poor
CUST00156,32,Male,Ahmedabad,Business Owner,1992113.0,1468826,Education Loan,823.0,10,12240.22,Excellent,Approved,0.07373208246720943,0.7373206238802719,Excellent
CUST01125,22,Female,Delhi,Self-Employed,418401.0,545919,Education Loan,640.0,8,5686.66,Missed,Defaulted,0.16309693332472913,1.3047746061792396,Fair
CUST01054,50,Male,Hyderabad,Salaried,1343647.0,4596925,Car Loan,429.0,8,47884.64,Missed,Defaulted,0.42765375132010114,3.4212296830938485,Poor
CUST01226,32,Male,Mumbai,Self-Employed,1722534.0,1301661,Education Loan,736.0,14,7747.98,Excellent,Approved,0.0539761537362978,0.7556663613025926,Good
CUST01842,31,Female,Ahmedabad,Business Owner,1357588.5,967999,Car Loan,863.0,7,11523.8,Excellent,Approved,0.1018612046286485,0.7130282850804939,Excellent
CUST01468,33,Female,Hyderabad,Self-Employed,919174.0,3560764,Education Loan,337.0,11,26975.48,Missed,Defaulted,0.35217027461612277,3.8738737170546598,Poor
CUST01761,53,Female,Ahmedabad,Salaried,316214.0,2257928,Car Loan,802.0,16,11760.04,Missed,Defaulted,0.4462815688109951,7.140506112948826,Excellent
CUST00501,39,Male,Kolkata,Self-Employed,1353824.0,1678662,Personal Loan,782.0,12,11657.38,Missed,Defaulted,0.1033284681022053,1.2399410853995794,Excellent
CUST01801,56,Male,Hyderabad,Salaried,1337411.0,2146419,Personal Loan,455.0,4,44717.06,Missed,Defaulted,0.4012264890897413,1.6049060460845619,Poor
CUST00180,33,Female,Chennai,Business Owner,1322437.0,2671158,Education Loan,698.0,8,27824.56,Missed,Defaulted,0.252484405684354,2.0198754269579573,Good
CUST01671,52,Female,Pune,Salaried,259778.0,930432,Education Loan,480.0,6,12922.67,Good,Defaulted,0.5969406185281279,3.581642787303005,Poor
CUST01792,60,Male,Mumbai,Business Owner,1953767.0,981775,Education Loan,710.0,18,4545.25,Delayed,Rejected,0.027916839623148514,0.502503625048432,Good
CUST00860,32,Male,Mumbai,Freelancer,2254376.0,4979107,Education Loan,687.0,13,31917.35,Good,Rejected,0.16989543891524747,2.2086408833309084,Good
CUST00910,44,Female,Chennai,Freelancer,1661331.0,186645,Car Loan,880.0,13,1196.44,Delayed,Rejected,0.008642034609599171,0.1123466666185125,Excellent
CUST01182,50,Female,Lucknow,Freelancer,1014422.0,3944456,Business Loan,840.0,4,82176.17,Delayed,Approved,0.9720944932187985,3.888377815149908,Excellent
CUST01651,51,Female,Jaipur,Salaried,579270.0,4476421,Home Loan,457.0,2,186517.54,Good,Defaulted,3.8638467036097155,7.72769347627186,Poor
CUST00529,35,Male,Jaipur,Freelancer,1911646.0,1685765,Business Loan,741.0,6,23413.4,Missed,Defaulted,0.14697323667666506,0.881839524681871,Good
CUST00347,50,Female,Jaipur,Self-Employed,1143693.0,888927,Home Loan,672.0,9,8230.81,Missed,Defaulted,0.08636034320398918,0.7772426691428557,Good
CUST01655,41,Female,Pune,Salaried,2419484.0,2708492,Home Loan,407.0,14,16121.98,Good,Defaulted,0.0799607519619886,1.1194502629486287,Poor
CUST01683,62,Male,Delhi,Business Owner,1360117.0,4047936,Personal Loan,428.0,7,48189.71,Missed,Defaulted,0.4251667466842926,2.97616749147316,Poor
CUST01038,61,Female,Mumbai,Freelancer,2294945.0,1512538,Car Loan,702.0,18,7002.49,Excellent,Approved,0.0366152042859415,0.6590737468653933,Good
CUST00602,27,Female,Kolkata,Self-Employed,1297353.0,1815520,Personal Loan,792.0,15,10086.22,Good,Approved,0.09329352920908958,1.3994032464564385,Excellent
CUST01909,51,Female,Mumbai,Salaried,1002242.0,4788637,Home Loan,686.0,12,33254.42,Missed,Defaulted,0.39816036446287423,4.777924892391259,Good
CUST00244,23,Female,Bangalore,Business Owner,2354174.0,1792166,Home Loan,413.0,16,9334.2,Excellent,Defaulted,0.0475794907258342,0.761271681702372,Poor
CUST00924,45,Male,Chennai,Business Owner,1891870.0,4750858,Home Loan,814.0,2,197952.42,Good,Approved,1.255598450210638,2.5111968581350728,Excellent
CUST01091,28,Male,Pune,Salaried,2087895.0,3716569,Education Loan,855.0,7,44244.87,Good,Approved,0.25429364982434466,1.7800555104543092,Excellent
CUST01506,49,Female,Mumbai,Self-Employed,249976.0,200653,Home Loan,684.0,2,8360.54,Good,Rejected,0.4013444490671105,0.8026890581495824,Good
CUST00313,56,Male,Kolkata,Freelancer,687510.0,4687370,Personal Loan,561.0,13,30047.24,Missed,Defaulted,0.5244532879521753,6.817893557911885,Fair
CUST00436,44,Female,Chennai,Business Owner,1689493.0,849687,Car Loan,534.0,7,10115.32,Good,Rejected,0.07184631128983665,0.5029242500560819,Poor
CUST01939,52,Female,Chennai,Freelancer,761693.0,3198817,Personal Loan,449.0,6,44428.01,Excellent,Defaulted,0.699935695877473,4.199614542867008,Poor
CUST01270,56,Male,Kolkata,Freelancer,1681571.0,4370153,Car Loan,714.0,12,30348.28,Excellent,Approved,0.21657090898927253,2.5988513122550283,Good
CUST00309,49,Female,Delhi,Salaried,2022550.0,2141013,Business Loan,854.0,7,25488.25,Missed,Defaulted,0.1512244443895083,1.058571110726558,Excellent
CUST00431,60,Male,Delhi,Salaried,889556.0,3547831,Business Loan,767.0,5,59130.52,Delayed,Rejected,0.7976633736380846,3.988316643359159,Excellent
CUST00661,22,Male,Chennai,Self-Employed,2159669.0,2035681,Personal Loan,375.0,15,11309.34,Missed,Defaulted,0.06283929620696506,0.942589350497692,Poor
CUST00371,43,Female,Kolkata,Salaried,1433741.0,2837976,Business Loan,380.0,12,19708.17,Delayed,Defaulted,0.16495171722089275,1.9794202718622123,Poor
CUST00567,58,Female,Hyderabad,Freelancer,1926605.0,649792,Education Loan,625.0,9,6016.59,Missed,Defaulted,0.03747477038624939,0.3372730788096159,Fair
CUST01704,34,Male,Jaipur,Self-Employed,2077145.0,1013544,Business Loan,528.0,5,16892.4,Delayed,Rejected,0.09759010564982223,0.48795052824911117,Poor
CUST00182,23,Male,Lucknow,Self-Employed,1813325.0,2488064,Home Loan,894.0,3,69112.89,Missed,Defaulted,0.4573668151048488,1.3721004232556215,Excellent
CUST01777,58,Female,Delhi,Salaried,2195141.0,1911663,Personal Loan,643.0,16,9956.58,Good,Approved,0.05442883167869399,0.870861142860527,Fair
CUST00622,32,Male,Jaipur,Business Owner,1926199.0,3048111,Personal Loan,594.0,1,254009.25,Good,Defaulted,1.5824486462717506,1.5824486462717506,Fair
CUST01294,61,Female,Kolkata,Business Owner,2086963.0,1923204,Business Loan,377.0,16,10016.69,Missed,Defaulted,0.057595788713072534,0.9215323894098746,Poor
CUST01330,53,Female,Lucknow,Business Owner,944748.0,1814694,Education Loan,455.0,7,21603.5,Good,Defaulted,0.2744033329522793,1.9208233306659555,Poor
CUST00989,48,Female,Bangalore,Self-Employed,2305188.0,2633236,Car Loan,666.0,5,43887.27,Excellent,Rejected,0.2284617306701232,1.1423085665897965,Good
CUST00814,44,Male,Lucknow,Salaried,1204001.0,1091566,Education Loan,335.0,9,10107.09,Excellent,Defaulted,0.10073503261209917,0.9066155260668388,Poor
CUST01450,56,Female,Jaipur,Business Owner,623177.0,2180118,Personal Loan,436.0,3,60558.83,Delayed,Defaulted,1.1661309066284538,3.4983929124470254,Poor
CUST01879,63,Male,Ahmedabad,Freelancer,1620827.0,275687,Business Loan,770.0,9,2552.66,Excellent,Approved,0.0188989447979334,0.17009033043008293,Excellent
CUST00975,61,Female,Pune,Salaried,1684209.0,3027299,Home Loan,575.0,1,252274.92,Excellent,Rejected,1.7974604339485183,1.7974604101984968,Fair
CUST01117,51,Male,Lucknow,Business Owner,1559231.0,3878239,Car Loan,676.0,4,80796.65,Good,Rejected,0.6218192172936531,2.4872767409062546,Good
CUST00297,48,Female,Kolkata,Self-Employed,642939.0,2476277,Home Loan,357.0,5,41271.28,Missed,Defaulted,0.7702991419092635,3.851496020617819,Poor
CUST01818,41,Female,Bangalore,Salaried,1558126.0,4248440,Education Loan,485.0,12,29503.06,Good,Defaulted,0.2272195701759678,2.7266344313617767,Poor
CUST00462,58,Male,Delhi,Freelancer,304195.0,174591,Car Loan,617.0,1,14549.25,Excellent,Approved,0.5739443449103371,0.5739443449103371,Fair
CUST01329,47,Female,Jaipur,Freelancer,508617.0,460226,Business Loan,521.0,11,3486.56,Excellent,Rejected,0.08225977503701214,0.9048576826964101,Poor
CUST01260,57,Male,Delhi,Business Owner,990645.0,3178411,Education Loan,766.0,7,37838.23,Missed,Defaulted,0.45834659237163666,3.208425823579587,Excellent
CUST00378,54,Female,Delhi,Business Owner,284080.0,3426910,Business Loan,495.0,2,142787.92,Delayed,Defaulted,6.0315933539847935,12.063186426358772,Poor
CUST00799,29,Female,Jaipur,Business Owner,1176433.0,2230945,Business Loan,460.0,12,15492.67,Good,Defaulted,0.15803028306754402,1.8963638388246504,Poor
CUST01855,64,Male,Kolkata,Freelancer,2148061.0,4998122,Personal Loan,497.0,11,37864.56,Good,Defaulted,0.2115278476728547,2.326806361644292,Poor
CUST00106,54,Female,Jaipur,Self-Employed,577539.0,3121640,Car Loan,887.0,2,130068.33,Good,Rejected,2.702536036527403,5.40507221157359,Excellent
CUST00127,36,Female,Mumbai,Freelancer,954296.0,4165345,Education Loan,477.0,7,49587.44,Missed,Defaulted,0.6235479138548208,4.364835438899461,Poor
CUST01470,30,Female,Kolkata,Business Owner,2358996.0,3460956,Car Loan,720.0,18,16022.94,Missed,Defaulted,0.08150725138999812,1.4671309319727546,Good
CUST01323,39,Female,Chennai,Self-Employed,2117160.0,3036068,Education Loan,695.0,18,14055.87,Missed,Defaulted,0.07966825369835062,1.4340286043567798,Good
CUST00870,45,Male,Kolkata,Self-Employed,673866.0,4689022,Car Loan,331.0,7,55821.69,Excellent,Defaulted,0.9940556134305634,6.958389353372926,Poor
CUST00356,41,Male,Bangalore,Self-Employed,312990.0,3427932,Personal Loan,417.0,5,57132.2,Delayed,Defaulted,2.190441867152305,10.952209335761525,Poor
CUST01648,41,Female,Ahmedabad,Salaried,1588509.0,1863353,Car Loan,412.0,19,8172.6,Missed,Defaulted,0.061737893836295556,1.1730201087938439,Poor
CUST00683,59,Male,Bangalore,Freelancer,1227557.0,470602,Home Loan,507.0,7,5602.4,Excellent,Rejected,0.05476633671593253,0.38336468286197706,Poor
CUST01774,52,Male,Ahmedabad,Business Owner,1208109.0,4618672,Business Loan,639.0,10,38488.93,Good,Rejected,0.38230586809633904,3.823059012059342,Fair
CUST01550,28,Male,Bangalore,Freelancer,1589678.0,2558164,Home Loan,569.0,9,23686.7,Excellent,Rejected,0.17880375774213395,1.6092340713024902,Fair
CUST00905,24,Female,Pune,Freelancer,1056626.0,2337319,Education Loan,351.0,3,64925.53,Excellent,Defaulted,0.7373530085384989,2.212058949902804,Poor
CUST00210,37,Female,Jaipur,Salaried,1413261.0,1088218,Education Loan,667.0,4,22671.21,Missed,Defaulted,0.192501257729464,0.7700049743111853,Good
CUST00917,22,Male,Pune,Self-Employed,1343051.0,2540272,Personal Loan,413.0,1,211689.33,Delayed,Defaulted,1.891418836663686,1.8914188664466205,Poor
CUST00141,64,Female,Delhi,Self-Employed,393783.0,1434822,Car Loan,536.0,13,9197.58,Good,Rejected,0.28028370955577053,3.6436870052795576,Poor
CUST01466,46,Male,Hyderabad,Business Owner,1984006.0,1910371,Education Loan,860.0,9,17688.62,Delayed,Rejected,0.10698729741744732,0.9628856969182553,Excellent
CUST01384,34,Male,Lucknow,Salaried,1372341.0,1684224,Car Loan,411.0,7,20050.29,Missed,Defaulted,0.175323392655324,1.2272634862617964,Poor
CUST02000,44,Female,Jaipur,Business Owner,2067829.0,1478926,Car Loan,648.0,14,8803.13,Delayed,Rejected,0.051086216510165976,0.7152071085181608,Fair
CUST01606,23,Male,Ahmedabad,Self-Employed,2067306.0,4951366,Home Loan,535.0,4,103153.46,Missed,Defaulted,0.5987703416910705,2.3950813280665755,Poor
CUST01121,37,Female,Hyderabad,Freelancer,1497991.0,1994606,Personal Loan,400.0,5,33243.43,Missed,Defaulted,0.2663041099712882,1.3315206833685918,Poor
CUST01034,64,Male,Lucknow,Salaried,1104850.0,4770058,Education Loan,430.0,5,79500.97,Good,Defaulted,0.8634761641851835,4.31738063990587,Poor
CUST01246,27,Male,Kolkata,Freelancer,815175.0,3789469,Home Loan,323.0,12,26315.76,Delayed,Defaulted,0.3873881313828319,4.648657036832582,Poor
CUST00712,51,Female,Lucknow,Business Owner,1437715.0,2779737,Business Loan,848.0,5,46328.95,Good,Approved,0.38668818228925755,1.933440911446288,Excellent
CUST01293,64,Male,Pune,Salaried,1842425.0,3073846,Home Loan,759.0,19,13481.78,Missed,Defaulted,0.08780892573646147,1.6683696758348372,Excellent
CUST01938,34,Male,Lucknow,Business Owner,2366452.0,1082469,Business Loan,404.0,12,7517.15,Good,Defaulted,0.03811858427722176,0.4574227577825369,Poor
CUST01285,47,Male,Kolkata,Self-Employed,1686516.0,2452110,Car Loan,438.0,9,22704.72,Excellent,Defaulted,0.16154998825982084,1.4539500366435896,Poor
CUST00893,54,Female,Delhi,Freelancer,980926.0,4225282,Business Loan,361.0,12,29342.24,Missed,Defaulted,0.3589535602073959,4.307442151599611,Poor
CUST00011,32,Male,Kolkata,Business Owner,1388554.0,3649537,Personal Loan,594.0,16,19008.01,Excellent,Approved,0.16426881489664788,2.6283003757866097,Fair
CUST01729,49,Male,Mumbai,Freelancer,2034907.0,3096672,Home Loan,809.0,10,25805.6,Excellent,Approved,0.1521775688028986,1.521775688028986,Excellent
CUST01546,56,Male,Ahmedabad,Salaried,2366239.0,400068,Education Loan,575.0,4,8334.75,Missed,Defaulted,0.04226834229340316,0.16907336917361265,Fair
CUST00283,41,Male,Jaipur,Self-Employed,1548207.0,818223,Education Loan,693.0,14,4870.38,Missed,Defaulted,0.0377498357777739,0.5284971583257277,Good
CUST00811,35,Female,Delhi,Freelancer,1294979.0,3131362,Car Loan,846.0,1,260946.83,Delayed,Rejected,2.4180793356494585,2.4180793665379903,Excellent
CUST01554,55,Female,Delhi,Salaried,2168880.0,1219070,Education Loan,539.0,16,6349.32,Good,Rejected,0.035129578399911474,0.5620735125963631,Poor
CUST00292,51,Male,Bangalore,Self-Employed,1628080.0,2979735,Personal Loan,384.0,7,35473.04,Delayed,Defaulted,0.26145919119453587,1.830214117242396,Poor
CUST00755,32,Male,Chennai,Salaried,2017189.0,3657323,Home Loan,835.0,16,19048.56,Missed,Defaulted,0.11331745314891169,1.8130789925981154,Excellent
CUST00627,29,Female,Pune,Business Owner,2315810.0,3966533,Personal Loan,594.0,8,41318.05,Missed,Defaulted,0.214100725016301,1.712805886493279,Fair
CUST00979,27,Male,Ahmedabad,Freelancer,401260.0,4587454,Business Loan,627.0,9,42476.43,Missed,Defaulted,1.2702914818322286,11.432622239944175,Fair
CUST01304,33,Male,Hyderabad,Freelancer,641048.0,432811,Education Loan,448.0,8,4508.45,Missed,Defaulted,0.08439524029401854,0.6751616103630306,Poor
CUST00130,63,Male,Kolkata,Salaried,1317195.0,375329,Personal Loan,715.0,9,3475.27,Good,Approved,0.03166064250167971,0.28494566104487185,Good
CUST01201,56,Female,Delhi,Freelancer,2013924.0,3319497,Home Loan,830.0,13,21278.83,Missed,Defaulted,0.12679026616694575,1.648273221829622,Excellent
CUST00844,40,Female,Jaipur,Self-Employed,1455516.0,1458791,Home Loan,372.0,5,24313.18,Excellent,Defaulted,0.20044998474767714,1.0022500611466998,Poor
CUST00324,54,Male,Pune,Self-Employed,1228494.0,4527310,Personal Loan,455.0,13,29021.22,Excellent,Defaulted,0.28348094496188014,3.685252024022909,Poor
CUST01114,44,Male,Lucknow,Business Owner,2318433.0,2873978,Personal Loan,330.0,19,12605.17,Delayed,Defaulted,0.06524322246965947,1.2396208991159114,Poor
CUST01000,31,Female,Kolkata,Freelancer,635477.0,4744668,Personal Loan,317.0,15,26359.27,Delayed,Defaulted,0.497754033584221,7.46630955959067,Poor
CUST01904,55,Female,Ahmedabad,Self-Employed,1047942.0,3978683,Business Loan,464.0,19,17450.36,Good,Defaulted,0.19982434142347574,3.796663364957221,Poor
CUST01821,27,Female,Mumbai,Self-Employed,736644.0,2965751,Home Loan,620.0,19,13007.68,Good,Rejected,0.2118963298418232,4.0260302126943275,Fair
CUST00906,54,Female,Lucknow,Self-Employed,1063349.0,4838109,Business Loan,819.0,2,201587.88,Missed,Defaulted,2.274939422522615,4.549878732194228,Excellent
CUST00696,34,Male,Chennai,Business Owner,1056047.0,3914856,Business Loan,499.0,19,17170.42,Excellent,Defaulted,0.19510972523003237,3.7070850066332275,Poor
CUST00216,24,Female,Delhi,Business Owner,1628127.0,3368843,Personal Loan,593.0,10,28073.69,Missed,Defaulted,0.20691523449951998,2.0691524678357403,Fair
CUST01055,35,Female,Ahmedabad,Business Owner,1616953.0,2619849,Personal Loan,592.0,1,218320.75,Missed,Defaulted,1.6202381887414168,1.6202381887414168,Fair
CUST01914,61,Female,Lucknow,Self-Employed,724480.0,3923691,Car Loan,715.0,19,17209.17,Good,Rejected,0.2850458811837456,5.415872073763251,Good
CUST01288,30,Male,Hyderabad,Self-Employed,586721.0,3452862,Education Loan,738.0,3,95912.83,Delayed,Rejected,1.9616716633629954,5.885015194615499,Good
CUST00159,60,Male,Chennai,Self-Employed,592136.0,2170711,Education Loan,398.0,14,12920.9,Delayed,Defaulted,0.2618499804099058,3.6658993879784374,Poor
CUST01308,31,Male,Delhi,Business Owner,376743.0,2543330,Home Loan,440.0,2,105972.08,Good,Defaulted,3.375417618907319,6.750835450160985,Poor
CUST01035,33,Male,Kolkata,Business Owner,894335.0,4012931,Car Loan,742.0,14,23886.49,Delayed,Rejected,0.3205039274992033,4.487055745330329,Good
CUST00926,56,Female,Chennai,Freelancer,207461.0,3911607,Business Loan,879.0,14,23283.38,Excellent,Defaulted,1.3467618492150333,18.854661840056686,Excellent
CUST00842,29,Male,Ahmedabad,Self-Employed,2120379.0,4659409,Personal Loan,487.0,1,388284.08,Excellent,Defaulted,2.197441570587145,2.197441589451697,Poor
CUST00635,47,Male,Kolkata,Self-Employed,322775.0,1789122,Car Loan,345.0,1,149093.5,Missed,Defaulted,5.542938579505848,5.542938579505848,Poor
CUST00517,46,Female,Bangalore,Business Owner,969097.0,2139319,Home Loan,888.0,4,44569.15,Missed,Defaulted,0.551884692657185,2.2075385642510503,Excellent
CUST01457,58,Female,Lucknow,Business Owner,1333276.0,4651318,Home Loan,609.0,13,29816.14,Missed,Defaulted,0.2683567993423717,3.4886385114559926,Fair
CUST01552,62,Male,Bangalore,Business Owner,1128660.0,3693394,Home Loan,384.0,7,43968.98,Excellent,Defaulted,0.4674815799266387,3.272370775964418,Poor
CUST00598,49,Female,Hyderabad,Freelancer,1064690.0,3185609,Home Loan,480.0,1,265467.42,Delayed,Defaulted,2.992053123444383,2.992053085874762,Poor
CUST00196,47,Female,Bangalore,Freelancer,345788.0,4276405,Personal Loan,362.0,11,32397.01,Delayed,Defaulted,1.1242845905583767,12.367129570719632,Poor
CUST01675,46,Female,Jaipur,Freelancer,2373513.0,3989625,Personal Loan,602.0,19,17498.36,Missed,Defaulted,0.08846815669431767,1.680894522170302,Fair
CUST01565,25,Female,Hyderabad,Self-Employed,1314518.0,2641822,Business Loan,408.0,15,14676.79,Missed,Defaulted,0.1339817940872624,2.0097267591619135,Poor
CUST00411,26,Male,Kolkata,Business Owner,1799908.0,4961077,Education Loan,727.0,7,59060.44,Good,Rejected,0.3937563919933686,2.756294766176938,Good
CUST00097,63,Male,Bangalore,Freelancer,1279583.0,3796328,Car Loan,709.0,18,17575.59,Missed,Defaulted,0.1648248530966729,2.966847793382688,Good
CUST00441,52,Female,Pune,Salaried,1443085.0,4981767,Education Loan,610.0,19,21849.86,Excellent,Approved,0.18169291483176667,3.4521646334069027,Fair
CUST01740,62,Male,Chennai,Business Owner,2097951.0,3976449,Car Loan,754.0,18,18409.49,Delayed,Approved,0.10529982826100324,1.8953965083073914,Excellent
CUST00157,49,Male,Lucknow,Self-Employed,415400.0,4530967,Home Loan,583.0,15,25172.04,Missed,Defaulted,0.7271653346172363,10.907479537794897,Fair
CUST00420,50,Female,Jaipur,Freelancer,995928.0,569385,Car Loan,793.0,7,6778.39,Missed,Defaulted,0.08167325348820398,0.5717130153987036,Excellent
CUST01841,50,Female,Delhi,Business Owner,324116.0,1571193,Business Loan,591.0,8,16366.59,Excellent,Rejected,0.6059530538449198,4.847625541472806,Fair
CUST00478,47,Female,Lucknow,Freelancer,1290668.0,2974537,Education Loan,814.0,9,27542.01,Good,Approved,0.2560721424874561,2.304649220403698,Excellent
CUST01895,29,Male,Kolkata,Salaried,1119424.0,3896342,Personal Loan,737.0,18,18038.62,Excellent,Approved,0.19337037619347092,3.4806668429478016,Good
CUST00669,48,Female,Delhi,Business Owner,231852.0,3536142,Business Loan,645.0,9,32742.06,Missed,Defaulted,1.694635888411573,15.251720925417938,Fair
CUST01062,58,Female,Kolkata,Self-Employed,792632.0,2505918,Car Loan,802.0,5,41765.3,Missed,Defaulted,0.6323030107288125,3.1615150536440617,Excellent
CUST01912,47,Female,Ahmedabad,Self-Employed,1360294.0,3124795,Education Loan,730.0,13,20030.74,Excellent,Rejected,0.17670362436355672,2.2971467932667498,Good
CUST01428,41,Male,Bangalore,Self-Employed,590642.0,4982206,Car Loan,521.0,2,207591.92,Missed,Defaulted,4.217619200801839,8.435238266157842,Poor
CUST00448,37,Female,Bangalore,Self-Employed,616978.0,4482787,Home Loan,650.0,7,53366.51,Good,Defaulted,1.037959408601279,7.265716119537488,Good
CUST00554,30,Female,Lucknow,Freelancer,1803546.0,372137,Business Loan,886.0,11,2819.22,Good,Approved,0.018757847041328584,0.20633629527608388,Excellent
CUST00179,62,Female,Mumbai,Freelancer,1293609.0,4275389,Car Loan,676.0,8,44535.3,Delayed,Approved,0.413126068232364,3.305008700465133,Good
CUST00391,51,Female,Hyderabad,Salaried,822893.0,2138618,Personal Loan,594.0,17,10483.42,Delayed,Rejected,0.15287654652548996,2.598901679805272,Fair
CUST00579,52,Male,Lucknow,Business Owner,291006.0,4288340,Education Loan,432.0,7,51051.67,Delayed,Defaulted,2.1051800993793943,14.736259733476286,Poor
CUST01273,43,Female,Lucknow,Salaried,1939957.0,1202791,Business Loan,663.0,12,8352.72,Good,Rejected,0.05166745448481589,0.6200091032945576,Good
CUST01741,63,Female,Ahmedabad,Freelancer,1868531.0,1890277,Car Loan,452.0,2,78761.54,Excellent,Defaulted,0.5058189989890454,1.0116380193852819,Poor
CUST01314,52,Male,Chennai,Salaried,960278.0,1749660,Home Loan,400.0,11,13255.0,Missed,Defaulted,0.1656395335517423,1.8220348690691655,Poor
CUST01697,23,Male,Jaipur,Business Owner,1949736.0,384248,Personal Loan,334.0,6,5336.78,Excellent,Defaulted,0.032846169943007666,0.19707693759565398,Poor
CUST00932,30,Female,Delhi,Business Owner,1979685.0,1603744,Education Loan,594.0,6,22274.22,Delayed,Rejected,0.13501675266519675,0.8101005968121191,Fair
CUST00821,58,Female,Mumbai,Self-Employed,2099054.0,3347466,Business Loan,833.0,11,25359.59,Delayed,Approved,0.1449772516571751,1.5947498253975363,Excellent
CUST01908,31,Female,Kolkata,Business Owner,917104.0,1113692,Personal Loan,584.0,19,4884.61,Good,Rejected,0.06391349290811074,1.2143573684118705,Fair
CUST01503,40,Male,Kolkata,Business Owner,1685676.0,955112,Business Loan,352.0,9,8843.63,Good,Defaulted,0.06295608408733351,0.566604733056649,Poor
CUST01474,26,Female,Chennai,Self-Employed,2216654.0,3239858,Education Loan,378.0,3,89996.06,Delayed,Defaulted,0.4871994997866153,1.4615984271789824,Poor
CUST00665,42,Male,Hyderabad,Business Owner,1591405.0,3385379,Personal Loan,794.0,6,47019.15,Delayed,Approved,0.35454821368539124,2.1272894077874582,Excellent
CUST00143,57,Male,Jaipur,Salaried,1215416.0,1999902,Education Loan,786.0,8,20832.31,Good,Approved,0.20568078748346247,1.645446497330955,Excellent
CUST01548,40,Female,Jaipur,Business Owner,2013205.0,2788384,Personal Loan,656.0,15,15491.02,Delayed,Approved,0.09233646846694697,1.385047225692366,Good
CUST01458,55,Female,Ahmedabad,Salaried,1960511.0,4130790,Personal Loan,895.0,15,22948.83,Delayed,Rejected,0.14046641921417427,2.106996594255273,Excellent
CUST00865,24,Female,Kolkata,Business Owner,1700948.0,4121867,Personal Loan,311.0,5,68697.78,Missed,Defaulted,0.48465523931360627,2.4232763141495215,Poor
CUST00422,49,Male,Pune,Self-Employed,1088036.0,1622138,Education Loan,554.0,10,13517.82,Excellent,Rejected,0.14908866986018846,1.49088633096699,Fair
CUST00637,49,Female,Kolkata,Self-Employed,2110947.0,2836281,Home Loan,463.0,10,23635.68,Excellent,Defaulted,0.1343606258233864,1.343605974001242,Poor
CUST01799,36,Male,Mumbai,Self-Employed,1113081.0,726337,Personal Loan,761.0,10,6052.81,Delayed,Rejected,0.06525465801680201,0.6525464004865773,Excellent
CUST00800,56,Female,Pune,Salaried,660244.0,1651028,Personal Loan,475.0,1,137585.67,Delayed,Defaulted,2.5006331598621117,2.5006330992784487,Poor
CUST01090,46,Female,Jaipur,Freelancer,1915880.0,3617945,Home Loan,497.0,3,100498.47,Good,Defaulted,0.6294661669833185,1.8883985427062238,Poor
CUST00616,36,Female,Kolkata,Freelancer,2181019.0,2466826,Car Loan,650.0,1,205568.83,Missed,Defaulted,1.1310428565730055,1.1310428749130568,Good
CUST00295,29,Female,Kolkata,Self-Employed,2125544.0,2620725,Personal Loan,444.0,11,19853.98,Delayed,Defaulted,0.11208789843917605,1.2329667134625302,Poor
CUST01436,27,Female,Mumbai,Salaried,568226.0,2096719,Education Loan,305.0,6,29121.1,Missed,Defaulted,0.6149898103923438,3.689938510381433,Poor
CUST00963,35,Female,Bangalore,Salaried,768302.0,4853290,Home Loan,896.0,1,404440.83,Excellent,Defaulted,6.3169039778628715,6.316904029925732,Excellent
CUST01943,55,Male,Hyderabad,Self-Employed,1906517.0,1467191,Home Loan,347.0,12,10188.83,Delayed,Defaulted,0.06413053751946612,0.769566177484911,Poor
CUST00089,45,Female,Chennai,Self-Employed,429104.0,2557743,Car Loan,550.0,18,11841.4,Excellent,Rejected,0.3311476937991722,5.960659886647526,Fair
CUST00042,35,Female,Mumbai,Freelancer,2011840.0,514462,Business Loan,681.0,17,2521.87,Excellent,Approved,0.015042170351519007,0.25571715444568155,Good
CUST01840,31,Male,Chennai,Salaried,1271984.0,674913,Business Loan,754.0,4,14060.69,Good,Approved,0.13264968741745178,0.5305986553289979,Excellent
CUST01974,47,Male,Kolkata,Salaried,856030.0,446456,Education Loan,766.0,10,3720.47,Excellent,Approved,0.052154293657932546,0.5215424693059822,Excellent
CUST00132,53,Male,Mumbai,Self-Employed,2468115.0,1277222,Personal Loan,554.0,15,7095.68,Missed,Defaulted,0.03449926765973223,0.5174888528289808,Fair
CUST01902,26,Female,Kolkata,Self-Employed,1456348.0,1258060,Car Loan,462.0,7,14976.9,Good,Defaulted,0.12340649350292648,0.8638457291801136,Poor
CUST00410,60,Male,Hyderabad,Self-Employed,1252330.0,3931143,Home Loan,381.0,6,54599.21,Good,Defaulted,0.5231772136737122,3.139063186220884,Poor
CUST01906,47,Female,Pune,Business Owner,1307268.0,3660160,Education Loan,594.0,13,23462.56,Delayed,Rejected,0.21537337409008714,2.7998543527417485,Fair
CUST01894,63,Male,Bangalore,Business Owner,1959989.0,3188893,Education Loan,507.0,15,17716.07,Delayed,Rejected,0.10846634343356008,1.6269953555861794,Poor
CUST01371,43,Male,Lucknow,Freelancer,1356618.0,3672541,Personal Loan,581.0,13,23541.93,Good,Rejected,0.20824075753085985,2.7071297889310033,Fair
CUST01566,48,Female,Kolkata,Freelancer,737977.0,2107797,Education Loan,848.0,10,17564.97,Missed,Defaulted,0.2856181696719546,2.856182509753014,Excellent
CUST00165,24,Male,Kolkata,Business Owner,1444625.0,875782,Home Loan,869.0,3,24327.28,Missed,Defaulted,0.20207829713593492,0.6062348360301116,Excellent
CUST00725,59,Male,Delhi,Salaried,1504766.0,3374024,Education Loan,548.0,8,35146.08,Good,Rejected,0.2802781030406057,2.2422250369824943,Poor
CUST00291,43,Male,Ahmedabad,Self-Employed,1353824.0,1905797,Home Loan,377.0,17,9342.14,Missed,Defaulted,0.08280668683669369,1.407714001229111,Poor
CUST01361,24,Female,Mumbai,Salaried,681725.0,4819729,Personal Loan,594.0,7,57377.73,Missed,Defaulted,1.0099860794308555,7.069902086618504,Fair
CUST01567,38,Male,Pune,Business Owner,2199014.0,851818,Personal Loan,418.0,17,4175.58,Excellent,Defaulted,0.022786103226264134,0.38736360932672553,Poor
CUST01937,30,Male,Kolkata,Salaried,2302146.0,2977971,Personal Loan,751.0,18,13786.9,Delayed,Approved,0.07186459937814543,1.2935630494330073,Excellent
CUST01381,55,Male,Hyderabad,Salaried,2098769.0,4266803,Personal Loan,785.0,3,118522.31,Delayed,Rejected,0.6776675851415759,2.033002679189563,Excellent
CUST01640,29,Male,Jaipur,Business Owner,435419.0,584633,Car Loan,541.0,5,9743.88,Good,Rejected,0.2685380288871179,1.3426906037632718,Poor
CUST00779,42,Male,Mumbai,Freelancer,1758242.0,2479151,Personal Loan,506.0,3,68865.31,Delayed,Rejected,0.4700056761242195,1.4100169373726712,Poor
CUST00840,43,Female,Lucknow,Freelancer,859738.0,4768912,Education Loan,896.0,6,66234.89,Excellent,Rejected,0.9244894142168892,5.546936392249732,Excellent
CUST00349,47,Female,Ahmedabad,Freelancer,323257.0,4075345,Car Loan,898.0,3,113204.03,Good,Defaulted,4.202378788394373,12.607136117702014,Excellent
CUST01985,29,Female,Bangalore,Salaried,1682795.0,3659684,Personal Loan,852.0,18,16942.98,Delayed,Approved,0.12082027816816665,2.174765197186823,Excellent
CUST00572,43,Male,Delhi,Salaried,1799792.0,4908939,Car Loan,634.0,14,29219.88,Delayed,Approved,0.19482171273124893,2.727503511516886,Fair
CUST00918,58,Male,Mumbai,Freelancer,710370.0,2679137,Education Loan,503.0,7,31894.49,Excellent,Rejected,0.5387810296042908,3.771466981995298,Poor
CUST01014,25,Male,Chennai,Freelancer,1872795.0,168920,Car Loan,369.0,8,1759.58,Excellent,Defaulted,0.011274570895372957,0.09019673803059064,Poor
CUST01927,62,Female,Lucknow,Self-Employed,626488.0,3407963,Business Loan,692.0,8,35499.61,Excellent,Rejected,0.6799736307798394,5.4397897485666125,Good
CUST01499,34,Male,Ahmedabad,Freelancer,337686.0,1870844,Business Loan,310.0,10,15590.37,Excellent,Defaulted,0.554018940672696,5.540188222194583,Poor
CUST01623,24,Female,Mumbai,Freelancer,2081297.0,4727482,Home Loan,594.0,9,43772.98,Delayed,Defaulted,0.2523790501788068,2.2714115284844016,Fair
CUST01344,29,Male,Delhi,Freelancer,2199063.0,3983233,Personal Loan,323.0,17,19525.65,Good,Defaulted,0.10654892561058961,1.811331917275676,Poor
CUST01883,55,Female,Mumbai,Salaried,1951797.0,2121088,Home Loan,695.0,6,29459.56,Excellent,Rejected,0.18112268847631185,1.0867359669063945,Good
CUST00137,58,Male,Mumbai,Self-Employed,510375.0,4523447,Car Loan,720.0,9,41883.77,Delayed,Defaulted,0.9847763703159441,8.862987019348518,Good
CUST00459,54,Female,Chennai,Salaried,1512743.0,4480675,Car Loan,316.0,13,28722.28,Good,Defaulted,0.2278426408186982,2.9619538811285193,Poor
CUST01369,25,Male,Bangalore,Business Owner,1403920.0,2235132,Personal Loan,402.0,19,9803.21,Excellent,Defaulted,0.08379289418200467,1.5920650749330447,Poor
CUST00334,43,Male,Lucknow,Self-Employed,2077541.0,3299479,Business Loan,594.0,10,27495.66,Missed,Defaulted,0.15881656246495254,1.5881655283818708,Fair
CUST00859,51,Male,Mumbai,Self-Employed,685757.0,4948107,Car Loan,893.0,19,21702.22,Excellent,Defaulted,0.37976519379313667,7.2155399069932935,Excellent
CUST01595,25,Male,Ahmedabad,Freelancer,794821.0,3338157,Business Loan,480.0,10,27817.98,Delayed,Defaulted,0.4199886012070642,4.199885257183693,Poor
CUST01963,33,Male,Jaipur,Freelancer,1391855.0,2253463,Education Loan,381.0,11,17071.69,Good,Defaulted,0.14718507315776425,1.6190357472581556,Poor
CUST01893,37,Male,Ahmedabad,Salaried,1933985.0,4084649,Business Loan,760.0,1,340387.42,Missed,Defaulted,2.1120376011189332,2.1120375804362497,Excellent
CUST01487,49,Female,Mumbai,Business Owner,1198082.0,2554973,Business Loan,364.0,14,15208.17,Good,Defaulted,0.1523251663909482,2.1325526967269353,Poor
CUST00817,59,Male,Bangalore,Self-Employed,691862.0,3484078,Personal Loan,894.0,11,26394.53,Delayed,Rejected,0.4577999080741535,5.035799046630687,Excellent
CUST01600,60,Male,Ahmedabad,Freelancer,1642181.0,2306356,Business Loan,884.0,14,13728.31,Delayed,Approved,0.10031763855506792,1.404446891055249,Excellent
CUST00606,42,Female,Bangalore,Freelancer,824446.0,172019,Car Loan,858.0,5,2866.98,Delayed,Rejected,0.04172954929734634,0.20864798907387505,Excellent
CUST01954,40,Female,Chennai,Self-Employed,900636.0,2982878,Home Loan,636.0,6,41428.86,Excellent,Approved,0.5519947237285652,3.3119684311975095,Fair
CUST01502,45,Male,Lucknow,Self-Employed,2018902.0,1170803,Home Loan,850.0,10,9756.69,Good,Approved,0.05799205706864424,0.579920669750191,Excellent
CUST01041,54,Male,Bangalore,Salaried,2169710.0,2482665,Home Loan,628.0,13,15914.52,Delayed,Rejected,0.08801832502961225,1.1442381700780289,Fair
CUST00911,31,Male,Bangalore,Salaried,980741.0,1702131,Car Loan,856.0,2,70922.12,Delayed,Approved,0.8677779760405652,1.7355560744375935,Excellent
CUST01274,26,Female,Ahmedabad,Freelancer,516275.0,3961087,Business Loan,429.0,4,82522.65,Good,Defaulted,1.9181091472567913,7.6724362016367245,Poor
CUST01970,54,Male,Lucknow,Freelancer,1544385.0,1098939,Car Loan,701.0,15,6105.22,Delayed,Approved,0.047438067580298955,0.7115706252003224,Good
CUST01504,37,Male,Lucknow,Business Owner,2183044.0,3785447,Home Loan,517.0,19,16602.84,Excellent,Rejected,0.09126434464903135,1.7340223101320908,Poor
CUST00329,52,Male,Bangalore,Salaried,829085.0,1664099,Education Loan,683.0,4,34668.73,Delayed,Rejected,0.5017878263386746,2.0071512571087404,Good
CUST01058,43,Male,Ahmedabad,Salaried,1109245.0,4929797,Car Loan,398.0,4,102704.1,Missed,Defaulted,1.1110703226068184,4.4442814707300915,Poor
CUST00319,56,Male,Pune,Business Owner,1074772.0,3870888,Business Loan,379.0,18,17920.78,Missed,Defaulted,0.20008835362290792,3.6015899186059928,Poor
CUST01561,25,Male,Delhi,Self-Employed,1737111.0,3323751,Home Loan,721.0,9,30775.47,Good,Approved,0.2125976060251763,1.913378592387015,Good
CUST01386,53,Male,Ahmedabad,Business Owner,2425541.0,2633677,Business Loan,306.0,17,12910.18,Missed,Defaulted,0.06387117760532598,1.085810134728706,Poor
CUST01804,57,Female,Jaipur,Self-Employed,2399100.0,4915294,Education Loan,476.0,12,34133.99,Good,Defaulted,0.17073397524071526,2.048807469467717,Poor
CUST00168,29,Male,Ahmedabad,Freelancer,814805.0,4659770,Business Loan,341.0,9,43146.02,Missed,Defaulted,0.6354308576898767,5.718877522842889,Poor
CUST00013,57,Male,Jaipur,Freelancer,458517.0,2032847,Personal Loan,825.0,8,21175.49,Good,Rejected,0.5541907497431938,4.433525910707782,Excellent
CUST01967,40,Female,Jaipur,Self-Employed,2259385.0,2176861,Business Loan,803.0,13,13954.24,Good,Approved,0.07411347778267095,0.9634750164314625,Excellent
CUST00172,54,Female,Delhi,Self-Employed,2359081.0,997272,Education Loan,370.0,14,5936.14,Missed,Defaulted,0.030195521052477643,0.4227374982037497,Poor
CUST00650,34,Male,Mumbai,Salaried,1024143.0,4415693,Car Loan,425.0,12,30664.53,Excellent,Defaulted,0.359299785283891,4.31159808737647,Poor
CUST01085,55,Male,Chennai,Freelancer,1385493.0,151894,Education Loan,448.0,5,2531.57,Excellent,Defaulted,0.021926375665557316,0.10963173397483784,Poor
CUST00261,29,Female,Jaipur,Business Owner,1534742.0,3972750,Car Loan,713.0,10,33106.25,Delayed,Approved,0.2588545827246534,2.588545827246534,Good
CUST01448,24,Female,Pune,Self-Employed,1235891.0,1028935,Education Loan,868.0,5,17148.92,Missed,Defaulted,0.16650905298282775,0.83254510308757,Excellent
CUST00902,57,Female,Lucknow,Salaried,1770057.0,1246311,Business Loan,760.0,16,6491.2,Delayed,Approved,0.044006718427711644,0.7041078338155212,Excellent
CUST00673,62,Female,Kolkata,Freelancer,1446713.0,3930323,Home Loan,325.0,19,17238.26,Delayed,Defaulted,0.14298559562262866,2.7167261232877564,Poor
CUST00259,45,Male,Kolkata,Freelancer,702420.0,166841,Personal Loan,632.0,7,1986.2,Good,Approved,0.033931835653882296,0.2375231343071097,Fair
CUST01537,53,Female,Kolkata,Business Owner,1948982.0,2145104,Business Loan,727.0,12,14896.56,Good,Rejected,0.09171902049377573,1.100627917548751,Good
CUST00845,63,Female,Pune,Freelancer,1553324.0,2026850,Car Loan,778.0,6,28150.69,Missed,Defaulted,0.2174744483443248,1.3048468960757704,Excellent
CUST00868,58,Male,Mumbai,Salaried,1794918.0,4278087,Car Loan,805.0,13,27423.63,Excellent,Approved,0.1833418351144732,2.3834442576206825,Excellent
CUST01413,25,Male,Ahmedabad,Business Owner,2184681.0,3196243,Education Loan,373.0,15,17756.91,Excellent,Defaulted,0.09753502685289064,1.463025036607175,Poor
CUST00139,60,Male,Kolkata,Business Owner,1471300.0,453157,Home Loan,795.0,3,12587.69,Delayed,Rejected,0.10266586012370013,0.30799768911846664,Excellent
CUST00894,41,Female,Jaipur,Business Owner,2295588.0,3567847,Home Loan,619.0,1,297320.58,Missed,Defaulted,1.554219206582366,1.5542192240070953,Fair
CUST01876,54,Female,Lucknow,Freelancer,1925049.0,1203891,Business Loan,512.0,6,16720.71,Missed,Defaulted,0.10423034426656153,0.6253820032632935,Poor
CUST00550,64,Female,Ahmedabad,Self-Employed,1005113.0,4461054,Car Loan,415.0,15,24783.63,Excellent,Defaulted,0.2958906709991812,4.438360661935524,Poor
CUST00320,54,Male,Kolkata,Self-Employed,341214.0,3026030,Home Loan,537.0,19,13272.06,Excellent,Defaulted,0.4667590427121982,8.86842274935964,Poor
CUST01558,58,Female,Jaipur,Freelancer,1120114.0,2443455,Personal Loan,670.0,2,101810.62,Delayed,Approved,1.0907170520143485,2.1814342111606497,Good
CUST01262,50,Male,Kolkata,Business Owner,262507.0,2766826,Car Loan,534.0,11,20960.8,Excellent,Defaulted,0.9581824484680408,10.54000845691734,Poor
CUST01203,45,Male,Hyderabad,Salaried,1486614.0,1467158,Personal Loan,845.0,1,122263.17,Good,Approved,0.9869125677546424,0.9869125408478596,Excellent
CUST00559,34,Female,Jaipur,Freelancer,315359.0,4623957,Education Loan,715.0,17,22666.46,Missed,Defaulted,0.8625012129033895,14.662517955726647,Good
CUST00140,36,Female,Bangalore,Salaried,1244327.0,299265,Business Loan,536.0,9,2770.97,Missed,Defaulted,0.02672258980155538,0.24050350108934387,Poor
CUST01771,33,Female,Ahmedabad,Self-Employed,1724314.0,3124126,Business Loan,448.0,14,18595.99,Excellent,Defaulted,0.12941487455301065,1.8118080581611007,Poor
CUST00532,37,Female,Ahmedabad,Salaried,1978539.0,2319798,Car Loan,383.0,9,21479.61,Delayed,Defaulted,0.13027558213408985,1.1724802998576223,Poor
CUST00225,28,Male,Ahmedabad,Salaried,901692.0,1896357,Personal Loan,546.0,10,15802.98,Missed,Defaulted,0.21031101529125246,2.1031094874968392,Poor
CUST00724,55,Male,Bangalore,Business Owner,1940534.0,2981531,Home Loan,372.0,12,20705.08,Excellent,Defaulted,0.12803741650494144,1.5364487300918201,Poor
CUST00787,35,Female,Delhi,Freelancer,1616828.0,318508,Business Loan,374.0,19,1396.96,Excellent,Defaulted,0.010368152951334341,0.19699559878972903,Poor
CUST01877,35,Female,Ahmedabad,Salaried,683442.0,752214,Car Loan,447.0,19,3299.18,Good,Defaulted,0.05792760760971669,1.1006259492392918,Poor
CUST00326,39,Female,Chennai,Freelancer,1699698.0,1900924,Personal Loan,829.0,11,14400.94,Delayed,Approved,0.10167175580603142,1.1183892667991608,Excellent
CUST01289,61,Female,Delhi,Salaried,623332.0,1460808,Business Loan,861.0,11,11066.73,Excellent,Approved,0.21304980331508733,2.3435472589246182,Excellent
CUST00715,44,Female,Pune,Self-Employed,1353824.0,362916,Education Loan,724.0,8,3780.38,Good,Rejected,0.0335084619566502,0.2680673411019453,Good
CUST00847,58,Male,Ahmedabad,Business Owner,273869.0,3150618,Education Loan,400.0,16,16409.47,Missed,Defaulted,0.7190066783754278,11.504105977675458,Poor
CUST00194,40,Male,Chennai,Self-Employed,893045.0,1584227,Business Loan,608.0,15,8801.26,Excellent,Rejected,0.1182640516435342,1.7739609986058933,Fair
CUST00574,28,Female,Delhi,Freelancer,650930.0,1752457,Education Loan,883.0,7,20862.58,Excellent,Approved,0.38460504201680673,2.692235724271427,Excellent
CUST00947,56,Male,Lucknow,Business Owner,528821.0,181936,Business Loan,370.0,5,3032.27,Delayed,Defaulted,0.06880823567899157,0.3440408001951511,Poor
CUST00504,45,Female,Bangalore,Self-Employed,863689.0,3019791,Car Loan,467.0,10,25164.92,Missed,Defaulted,0.3496386314981434,3.4963870096759364,Poor
CUST01336,47,Female,Ahmedabad,Freelancer,1497819.0,4502664,Personal Loan,643.0,15,25014.8,Delayed,Rejected,0.20040979584315594,3.006146937647339,Fair
CUST01897,22,Male,Hyderabad,Self-Employed,888332.0,2463081,Car Loan,635.0,18,11403.15,Excellent,Rejected,0.15403903045257852,2.7727032235695663,Fair
CUST01824,49,Female,Jaipur,Salaried,1734263.0,4363696,Car Loan,321.0,3,121213.78,Delayed,Defaulted,0.8387224775019705,2.516167386376807,Poor
CUST00004,64,Male,Chennai,Salaried,748884.0,345866,Personal Loan,608.0,15,1921.48,Delayed,Approved,0.030789494768215107,0.4618418873951106,Fair
CUST01362,58,Male,Lucknow,Salaried,1053900.0,4667752,Car Loan,774.0,6,64829.89,Delayed,Rejected,0.7381712496441787,4.429027421956542,Excellent
CUST00468,31,Male,Pune,Freelancer,1677852.0,1258468,Home Loan,785.0,1,104872.33,Excellent,Approved,0.7500470601697885,0.7500470840097935,Excellent
CUST00006,42,Male,Hyderabad,Freelancer,1050538.0,4442541,Personal Loan,768.0,4,92552.94,Good,Rejected,1.0572061933980494,4.228824659365011,Excellent
CUST01402,35,Female,Pune,Freelancer,1850824.0,4218773,Personal Loan,509.0,1,351564.42,Delayed,Rejected,2.279402601219781,2.2794025796077855,Poor
CUST00548,44,Male,Ahmedabad,Business Owner,1962999.0,4175903,Home Loan,416.0,17,20470.11,Excellent,Defaulted,0.12513573364021072,2.127307757161364,Poor
CUST00229,60,Male,Jaipur,Self-Employed,1965524.0,1772199,Car Loan,467.0,14,10548.8,Excellent,Defaulted,0.06440297854414395,0.9016420048801236,Poor
CUST00543,60,Male,Hyderabad,Self-Employed,2438057.0,3936912,Car Loan,472.0,6,54679.33,Delayed,Defaulted,0.26912904825440914,1.6147743879654988,Poor
CUST00243,47,Female,Kolkata,Business Owner,635684.0,1833611,Home Loan,668.0,12,12733.41,Missed,Defaulted,0.24037244920432163,2.8844693275275137,Good
CUST00899,59,Male,Hyderabad,Business Owner,1572070.0,2021277,Personal Loan,869.0,9,18715.53,Excellent,Approved,0.1428602797585349,1.2857423651618567,Excellent
CUST01654,38,Female,Bangalore,Business Owner,683455.0,4203514,Personal Loan,344.0,11,31844.8,Missed,Defaulted,0.5591262043587361,6.150388833207746,Poor
CUST01217,30,Female,Delhi,Freelancer,1469611.0,3501001,Education Loan,723.0,6,48625.01,Excellent,Approved,0.3970439252291933,2.3822637419017685,Good
CUST01962,22,Male,Jaipur,Self-Employed,2162627.0,4993114,Home Loan,831.0,13,32007.14,Good,Approved,0.17760144490936255,2.3088188578058073,Excellent
CUST00843,61,Female,Ahmedabad,Salaried,1359608.0,3946937,Education Loan,542.0,1,328911.42,Good,Rejected,2.9029963342375154,2.902996304817271,Poor
CUST01447,45,Female,Hyderabad,Self-Employed,1361068.0,3422105,Car Loan,851.0,19,15009.23,Delayed,Approved,0.13233046401796236,2.5142792277828883,Excellent
CUST01180,40,Female,Lucknow,Salaried,1037393.0,2624469,Business Loan,526.0,12,18225.48,Delayed,Rejected,0.21082247518539263,2.529869586550131,Poor
CUST00662,39,Female,Bangalore,Self-Employed,2040914.0,2611913,Personal Loan,801.0,1,217659.42,Excellent,Approved,1.2797761395139629,1.279776119914901,Excellent
CUST01236,58,Female,Jaipur,Salaried,745096.0,141563,Education Loan,420.0,6,1966.15,Delayed,Defaulted,0.031665449821231095,0.18999296734917379,Poor
CUST00315,58,Male,Lucknow,Self-Employed,1800946.0,4122250,Personal Loan,518.0,17,20207.11,Excellent,Rejected,0.1346433041301627,2.2889359258967232,Poor
CUST00692,42,Female,Kolkata,Freelancer,508449.0,135166,Education Loan,755.0,9,1251.54,Excellent,Approved,0.029537829752836565,0.2658398384105387,Excellent
CUST01724,53,Male,Chennai,Self-Employed,2379441.0,315039,Home Loan,704.0,13,2019.48,Good,Approved,0.010184644208450642,0.13240042514187156,Good
CUST00425,26,Female,Ahmedabad,Salaried,2352299.0,2278531,Education Loan,893.0,7,27125.37,Good,Approved,0.1383771535846421,0.9686400410832127,Excellent
CUST00595,22,Female,Hyderabad,Business Owner,1360248.0,4991714,Personal Loan,763.0,11,37816.02,Delayed,Rejected,0.33360992995394956,3.6697087589910073,Excellent
CUST00623,33,Male,Hyderabad,Business Owner,475709.0,1870908,Education Loan,302.0,5,31181.8,Excellent,Defaulted,0.7865766676686797,3.932883338343399,Poor
CUST01618,58,Female,Kolkata,Self-Employed,1759757.0,862744,Education Loan,385.0,4,17973.83,Missed,Defaulted,0.1225657633411886,0.4902631442863986,Poor
CUST01357,52,Female,Pune,Salaried,1901421.0,4906436,Home Loan,579.0,9,45429.96,Delayed,Rejected,0.2867116330365553,2.580404865624183,Fair
CUST00228,61,Male,Pune,Salaried,1404680.0,1373173,Home Loan,666.0,1,114431.08,Excellent,Approved,0.9775699518751602,0.9775699803513968,Good
CUST01234,55,Female,Bangalore,Self-Employed,543567.0,1143015,Personal Loan,536.0,9,10583.47,Excellent,Rejected,0.23364486806594217,2.102804254121387,Poor
CUST01358,45,Male,Hyderabad,Business Owner,489220.0,1690027,Car Loan,417.0,3,46945.19,Good,Defaulted,1.151511140182331,3.4545337475982176,Poor
CUST01221,47,Male,Bangalore,Freelancer,1391855.0,2439127,Business Loan,587.0,15,13550.71,Excellent,Rejected,0.1168286351667379,1.7524289527285528,Fair
CUST00067,52,Male,Pune,Self-Employed,711083.0,2484138,Car Loan,525.0,2,103505.75,Excellent,Rejected,1.746728581614242,3.493457163228484,Poor
CUST00025,33,Female,Jaipur,Freelancer,898956.0,4186725,Education Loan,545.0,15,23259.58,Excellent,Rejected,0.3104878992965173,4.657319156888658,Poor
CUST00145,53,Female,Chennai,Freelancer,868755.0,378821,Business Loan,443.0,16,1973.03,Missed,Defaulted,0.02725320717578604,0.4360504399974676,Poor
CUST00537,42,Female,Delhi,Self-Employed,273997.0,2648475,Business Loan,824.0,7,31529.46,Good,Defaulted,1.3808673817596544,9.666072986200579,Excellent
CUST00812,28,Female,Ahmedabad,Salaried,1864034.0,4744505,Personal Loan,411.0,16,24710.96,Excellent,Defaulted,0.15908053179287504,2.5452888734862134,Poor
CUST01145,53,Female,Bangalore,Self-Employed,2102912.0,2877364,Home Loan,714.0,19,12620.02,Missed,Defaulted,0.07201453983809118,1.3682759906263315,Good
CUST00086,45,Female,Chennai,Salaried,1635177.0,2574055,Home Loan,509.0,1,214504.58,Good,Rejected,1.5741751259955343,1.574175150457718,Poor
CUST01359,56,Male,Jaipur,Business Owner,1357588.5,2876267,Home Loan,536.0,13,18437.61,Good,Rejected,0.16297377298054602,2.1186589308910615,Poor
CUST01209,38,Female,Kolkata,Self-Employed,2106862.0,4869291,Home Loan,517.0,5,81154.85,Excellent,Rejected,0.462231603208943,2.3111580160447147,Poor
CUST01710,60,Female,Ahmedabad,Business Owner,2279610.0,523656,Education Loan,754.0,10,4363.8,Good,Approved,0.022971297721978763,0.2297129772197876,Excellent
CUST01981,30,Male,Mumbai,Self-Employed,2046585.0,3321593,Home Loan,692.0,16,17299.96,Excellent,Approved,0.10143703779711079,1.6229929370145877,Good
CUST01856,58,Male,Mumbai,Salaried,1038357.0,877150,Home Loan,622.0,16,4568.49,Missed,Defaulted,0.052796754873323914,0.8447480009283898,Fair
CUST01810,23,Male,Jaipur,Salaried,1053605.0,646682,Business Loan,629.0,13,4145.4,Excellent,Approved,0.04721389894694881,0.6137803066614148,Fair
CUST01170,35,Female,Hyderabad,Self-Employed,605453.0,305658,Home Loan,629.0,5,5094.3,Good,Rejected,0.10096836583516806,0.5048418291758402,Fair
CUST00363,36,Female,Delhi,Salaried,1818702.0,525278,Business Loan,557.0,1,43773.17,Good,Rejected,0.2888202905148837,0.2888202685211761,Fair
CUST01643,28,Female,Bangalore,Salaried,463031.0,2657421,Car Loan,322.0,19,11655.36,Good,Defaulted,0.30206254008910854,5.739185929235839,Poor
CUST01178,42,Female,Mumbai,Salaried,778526.0,3485715,Business Loan,610.0,1,290476.25,Missed,Defaulted,4.477326383447695,4.477326383447695,Fair
CUST01027,31,Female,Delhi,Freelancer,2381906.0,3182293,Education Loan,820.0,7,37884.44,Missed,Defaulted,0.19086113389865092,1.3360279540838302,Excellent
CUST01031,29,Male,Ahmedabad,Self-Employed,1905243.0,2652352,Business Loan,350.0,2,110514.67,Delayed,Defaulted,0.6960666119754804,1.392133181961566,Poor
CUST01243,42,Female,Kolkata,Freelancer,1618412.0,1067497,Business Loan,719.0,10,8895.81,Excellent,Rejected,0.06595954552981564,0.6595953317202294,Good
CUST01382,51,Female,Kolkata,Business Owner,1549590.0,676840,Business Loan,789.0,15,3760.22,Excellent,Approved,0.029119083112307126,0.43678650481740333,Excellent
CUST01194,41,Female,Delhi,Freelancer,1362126.0,3673638,Personal Loan,888.0,8,38267.06,Delayed,Approved,0.33712352601741685,2.696988384334489,Excellent
CUST00666,47,Female,Delhi,Business Owner,1621174.0,1599317,Personal Loan,686.0,16,8329.78,Missed,Defaulted,0.06165739149529909,0.9865177951287154,Good
CUST00365,55,Female,Lucknow,Salaried,1700071.0,429593,Business Loan,873.0,14,2557.1,Missed,Defaulted,0.018049363820687486,0.2526912111317704,Excellent
CUST00078,46,Male,Jaipur,Freelancer,1406861.0,2348354,Personal Loan,438.0,10,19569.62,Good,Defaulted,0.1669215651013142,1.6692153666922318,Poor
CUST00028,48,Female,Hyderabad,Business Owner,1357588.5,2976979,Car Loan,855.0,9,27564.62,Good,Approved,0.24364926485455646,2.192843413155017,Excellent
CUST01465,24,Female,Bangalore,Self-Employed,2396155.0,3465473,Home Loan,534.0,8,36098.68,Missed,Defaulted,0.180783029478477,1.4462641189739396,Poor
CUST00526,30,Male,Chennai,Freelancer,1030051.0,3094287,Home Loan,738.0,15,17190.48,Excellent,Approved,0.20026752073441026,3.0040133935115834,Good
CUST01873,27,Female,Pune,Salaried,794557.0,3552646,Car Loan,589.0,10,29605.38,Delayed,Rejected,0.4471228118309951,4.47122862173513,Fair
CUST00056,23,Female,Ahmedabad,Business Owner,1975767.0,4866129,Personal Loan,531.0,9,45056.75,Good,Rejected,0.27365625602614074,2.4629063042352666,Poor
CUST00639,58,Male,Ahmedabad,Self-Employed,468854.0,3977352,Education Loan,637.0,17,19496.82,Delayed,Defaulted,0.4990078787852935,8.483135475009277,Fair
CUST00303,54,Male,Chennai,Self-Employed,1353824.0,1490351,Business Loan,874.0,5,24839.18,Excellent,Approved,0.22016906185737586,1.1008454570165693,Excellent
CUST00625,53,Female,Ahmedabad,Business Owner,1077611.0,1767534,Business Loan,328.0,17,8664.38,Missed,Defaulted,0.0964843157688628,1.640233813500419,Poor
CUST00008,40,Male,Ahmedabad,Business Owner,259182.0,3485088,Home Loan,411.0,4,72606.0,Good,Defaulted,3.361622334884367,13.446489339537468,Poor
CUST00804,47,Female,Hyderabad,Salaried,2342052.0,4828972,Home Loan,575.0,19,21179.7,Excellent,Rejected,0.10851868361590607,2.061855159492616,Fair
CUST01050,63,Male,Lucknow,Self-Employed,1739600.0,1266053,Education Loan,328.0,2,52752.21,Good,Defaulted,0.36389199816049667,0.7277839733272017,Poor
CUST00337,48,Female,Kolkata,Salaried,571931.0,1962493,Personal Loan,622.0,13,12580.08,Excellent,Approved,0.263949602312167,3.4313457392587567,Fair
CUST00048,28,Male,Lucknow,Salaried,411830.0,3321557,Car Loan,582.0,2,138398.21,Excellent,Defaulted,4.032679795061069,8.065359492994682,Fair
CUST01511,46,Female,Lucknow,Salaried,2147238.0,3538882,Personal Loan,714.0,11,26809.71,Missed,Defaulted,0.14982806749880545,1.6481088728869366,Good
CUST00107,44,Female,Mumbai,Business Owner,316492.0,1595491,Education Loan,407.0,9,14773.06,Good,Defaulted,0.560130177066087,5.041173236606297,Poor
CUST00350,56,Female,Chennai,Business Owner,1517630.0,2879045,Education Loan,500.0,17,14112.97,Excellent,Rejected,0.11159217991209977,1.8970664786542175,Poor
CUST01080,59,Female,Hyderabad,Business Owner,1357588.5,2041161,Personal Loan,736.0,11,15463.34,Missed,Defaulted,0.13668359742293046,1.5035196600442624,Good
CUST00239,63,Male,Delhi,Self-Employed,627387.0,3870671,Car Loan,763.0,17,18973.88,Missed,Defaulted,0.36291246072998007,6.1695110035751455,Excellent
CUST00214,37,Male,Kolkata,Self-Employed,1041531.0,411309,Business Loan,860.0,16,2142.23,Missed,Defaulted,0.024681704145147865,0.39490807282740503,Excellent
CUST01279,56,Male,Bangalore,Freelancer,1001625.0,1517217,Home Loan,513.0,15,8428.98,Good,Rejected,0.10098366154998127,1.514755522276301,Poor
CUST01164,53,Male,Lucknow,Business Owner,1356083.0,2139706,Personal Loan,806.0,6,29718.14,Excellent,Approved,0.26297629274904266,1.5778576975008167,Excellent
CUST00794,64,Female,Hyderabad,Self-Employed,2307037.0,2235454,Business Loan,338.0,15,12419.19,Delayed,Defaulted,0.06459813171613632,0.9689718890507608,Poor
CUST01097,43,Female,Chennai,Self-Employed,2157233.0,2139632,Home Loan,805.0,7,25471.81,Delayed,Rejected,0.14169156507433367,0.9918409369780641,Excellent
CUST01205,31,Female,Mumbai,Freelancer,2276475.0,2722762,Education Loan,501.0,5,45379.37,Excellent,Rejected,0.2392086185879485,1.1960430050846154,Poor
CUST01755,39,Female,Mumbai,Freelancer,1987040.0,3769194,Education Loan,700.0,8,39262.44,Missed,Defaulted,0.2371111200579757,1.8968888396811336,Good
CUST01614,49,Female,Bangalore,Freelancer,815937.0,3355107,Business Loan,617.0,18,15532.9,Good,Rejected,0.2284426371153655,4.1119682034274705,Fair
CUST01998,36,Male,Jaipur,Self-Employed,1333387.0,2927746,Education Loan,468.0,8,30497.35,Missed,Defaulted,0.2744651027796131,2.1957211222248305,Poor
CUST00524,40,Male,Ahmedabad,Salaried,1605568.0,1895964,Education Loan,666.0,18,8777.61,Missed,Defaulted,0.06560377386694305,1.180868079084785,Good
CUST00233,32,Male,Lucknow,Self-Employed,337478.0,750033,Car Loan,773.0,17,3676.63,Excellent,Approved,0.13073314408642933,2.222464871784235,Excellent
CUST00645,54,Female,Lucknow,Freelancer,1648763.0,409281,Home Loan,342.0,17,2006.28,Excellent,Defaulted,0.014602074403658986,0.2482351920803657,Poor
CUST01539,48,Female,Mumbai,Freelancer,902495.0,3982623,Car Loan,440.0,1,331885.25,Missed,Defaulted,4.412903118576835,4.412903118576835,Poor
CUST00534,56,Male,Ahmedabad,Business Owner,1614022.0,3489289,Business Loan,312.0,5,58154.82,Good,Defaulted,0.4323719503203797,2.161859627687851,Poor
CUST01624,22,Male,Jaipur,Freelancer,2088755.0,4083123,Personal Loan,594.0,12,28355.02,Excellent,Approved,0.16290098168526226,1.954811837673638,Fair
CUST00604,42,Female,Hyderabad,Business Owner,1053695.0,1791888,Home Loan,594.0,14,10666.0,Missed,Defaulted,0.1214696852504757,1.70057559350666,Fair
CUST01235,38,Male,Delhi,Freelancer,491464.0,4520756,Personal Loan,325.0,3,125576.56,Delayed,Defaulted,3.066183321667508,9.198549639444598,Poor
CUST01075,62,Female,Pune,Salaried,1441968.0,851125,Home Loan,840.0,13,5455.93,Missed,Defaulted,0.0454040311574182,0.5902523495667032,Excellent
CUST01331,31,Male,Jaipur,Business Owner,2254410.0,1857254,Home Loan,727.0,9,17196.8,Delayed,Approved,0.09153685443197998,0.823831512457805,Good
CUST00061,39,Male,Pune,Freelancer,1697618.0,2054517,Car Loan,531.0,5,34241.95,Good,Rejected,0.24204703296030083,1.2102351648015042,Poor
CUST01290,38,Female,Jaipur,Business Owner,492575.0,4231430,Home Loan,417.0,2,176309.58,Good,Defaulted,4.295213845607268,8.590427853626352,Poor
CUST00093,56,Male,Hyderabad,Freelancer,2195451.0,3974482,Home Loan,829.0,8,41400.85,Good,Approved,0.22629072568688618,1.8103259876900009,Excellent
CUST00667,46,Male,Pune,Freelancer,1616207.0,4312511,Business Loan,688.0,2,179687.96,Excellent,Rejected,1.3341456385227883,2.6682912522962714,Good
CUST00281,35,Male,Chennai,Self-Employed,1929057.0,607242,Business Loan,530.0,3,16867.83,Good,Rejected,0.10492896788430825,0.31478696585948474,Poor
CUST01139,31,Male,Bangalore,Self-Employed,713313.0,3632334,Car Loan,590.0,6,50449.08,Excellent,Rejected,0.848700304074088,5.092202160902717,Fair
CUST00360,35,Female,Bangalore,Business Owner,1181883.0,548512,Education Loan,628.0,9,5078.81,Missed,Defaulted,0.0515666271534492,0.4641000843569118,Fair
CUST01765,31,Female,Pune,Self-Employed,1647075.0,1463967,Business Loan,784.0,7,17428.18,Missed,Defaulted,0.12697549291926596,0.8888283775784345,Excellent
CUST01838,35,Female,Kolkata,Freelancer,1652879.0,4851436,Car Loan,469.0,16,25267.9,Good,Defaulted,0.18344645917819757,2.9351428628471896,Poor
CUST00848,27,Male,Lucknow,Business Owner,2040418.0,2781303,Education Loan,813.0,14,16555.38,Missed,Defaulted,0.0973646380300507,1.363104520740358,Excellent
CUST01405,39,Male,Hyderabad,Self-Employed,1353824.0,2194797,Business Loan,533.0,5,36579.95,Missed,Defaulted,0.32423668069113853,1.621183403455693,Poor
CUST00111,61,Male,Kolkata,Freelancer,2432479.0,1000922,Personal Loan,557.0,4,20852.54,Delayed,Rejected,0.10287056126692153,0.41148227795594533,Fair
CUST00043,30,Male,Chennai,Business Owner,1357588.5,3041620,Car Loan,338.0,16,15841.77,Good,Defaulted,0.14002861691889698,2.2404579885583886,Poor
CUST00126,30,Male,Mumbai,Business Owner,1480617.0,3488780,Business Loan,665.0,11,26430.15,Delayed,Rejected,0.21420921143009977,2.3563014608099193,Good
CUST00205,26,Male,Jaipur,Business Owner,756110.0,4192887,Car Loan,635.0,16,21837.95,Missed,Defaulted,0.3465836981391597,5.5453399637618865,Fair
CUST00053,57,Female,Pune,Business Owner,721998.0,324535,Car Loan,324.0,3,9014.86,Missed,Defaulted,0.14983188319081217,0.449495704974252,Poor
CUST00546,26,Male,Hyderabad,Business Owner,766088.0,1200997,Car Loan,816.0,11,9098.46,Good,Approved,0.1425182485563016,1.567701099612577,Excellent
CUST00069,29,Male,Pune,Business Owner,1212384.0,1899916,Home Loan,734.0,1,158326.33,Delayed,Rejected,1.5670909216881779,1.5670909546810252,Good
CUST01162,45,Female,Bangalore,Self-Employed,567003.0,600428,Business Loan,683.0,2,25017.83,Excellent,Rejected,0.5294750821424226,1.058950305377573,Good
CUST01579,57,Male,Delhi,Freelancer,2268671.0,2550511,Personal Loan,807.0,16,13283.91,Delayed,Approved,0.07026444997974585,1.124231323096209,Excellent
CUST00184,58,Male,Hyderabad,Business Owner,2059234.0,2048173,Education Loan,606.0,17,10040.06,Missed,Defaulted,0.058507542124887214,0.994628585192358,Fair
CUST00138,44,Female,Jaipur,Business Owner,2326453.0,312091,Business Loan,520.0,13,2000.58,Excellent,Rejected,0.010319125295030675,0.13414885235162713,Poor
CUST00900,58,Female,Lucknow,Salaried,1676402.0,994740,Home Loan,411.0,10,8289.5,Delayed,Defaulted,0.05933779606562149,0.593377960656215,Poor
CUST00797,57,Male,Chennai,Salaried,1575807.0,615635,Home Loan,348.0,1,51302.92,Excellent,Defaulted,0.39067921388850285,0.39067918850468364,Poor
CUST00133,60,Male,Jaipur,Self-Employed,1390402.0,3417851,Business Loan,594.0,13,21909.3,Excellent,Defaulted,0.18909034940973904,2.458174686169899,Fair
CUST00081,36,Female,Kolkata,Self-Employed,2265153.0,669003,Personal Loan,517.0,2,27875.12,Good,Rejected,0.14767277971951565,0.29534561241558516,Poor
CUST01892,44,Male,Bangalore,Self-Employed,684273.0,3374714,Education Loan,610.0,19,14801.38,Missed,Defaulted,0.25956973313282855,4.931823994224527,Fair
CUST01572,22,Female,Ahmedabad,Business Owner,660115.0,3151373,Education Loan,588.0,16,16413.4,Delayed,Rejected,0.2983734652295434,4.773975746650205,Fair
CUST00542,63,Female,Mumbai,Business Owner,955678.0,986320,Business Loan,635.0,6,13698.89,Good,Approved,0.17201053074361866,1.0320631007515084,Fair
CUST01627,55,Female,Mumbai,Business Owner,1879328.0,499813,Home Loan,345.0,5,8330.22,Good,Defaulted,0.053190629842156334,0.26595304278976317,Poor
CUST00984,36,Female,Hyderabad,Freelancer,2412750.0,2416789,Car Loan,382.0,18,11188.84,Excellent,Defaulted,0.05564856698787691,1.0016740234172625,Poor
CUST00166,60,Female,Kolkata,Self-Employed,433782.0,489439,Personal Loan,889.0,2,20393.29,Delayed,Rejected,0.5641531460503202,1.1283063843128576,Excellent
CUST00249,53,Female,Delhi,Freelancer,1872717.0,1521926,Education Loan,343.0,17,7460.42,Missed,Defaulted,0.04780489524044477,0.8126833899622847,Poor
CUST00447,25,Female,Bangalore,Self-Employed,945182.0,2066328,Car Loan,434.0,18,9566.33,Excellent,Defaulted,0.12145381524404823,2.186169436150921,Poor
CUST01174,31,Female,Mumbai,Self-Employed,469160.0,801993,Car Loan,815.0,2,33416.38,Good,Approved,0.8547117401312984,1.709423224486316,Excellent
CUST01284,30,Female,Hyderabad,Business Owner,1357588.5,2113729,Education Loan,712.0,14,12581.72,Good,Rejected,0.11121237399992706,1.5569732654629882,Good
CUST00098,60,Female,Pune,Business Owner,894892.0,4211603,Personal Loan,713.0,19,18471.94,Delayed,Rejected,0.24769835913160468,4.706269583368719,Good
CUST01150,24,Female,Pune,Business Owner,1884532.0,1663560,Car Loan,499.0,8,17328.75,Delayed,Defaulted,0.11034304538208956,0.8827443630567164,Poor
CUST00738,38,Female,Lucknow,Business Owner,2348091.0,4964150,Business Loan,428.0,8,51709.9,Good,Defaulted,0.26426522651805234,2.1141216417932696,Poor
CUST01282,64,Female,Ahmedabad,Salaried,538384.0,281414,Car Loan,803.0,5,4690.23,Delayed,Rejected,0.10454017950013372,0.5227012689827335,Excellent
CUST00103,29,Female,Bangalore,Self-Employed,755655.0,1528081,Personal Loan,389.0,18,7074.45,Missed,Defaulted,0.11234412529527363,2.0221939906438786,Poor
CUST00435,58,Female,Bangalore,Freelancer,2414387.0,2071835,Business Loan,493.0,9,19183.66,Excellent,Defaulted,0.09534673604521561,0.8581205084354745,Poor
CUST00075,39,Male,Bangalore,Salaried,1340234.0,4093763,Home Loan,642.0,10,34114.69,Delayed,Approved,0.30545134655589995,3.0545136147866714,Fair
CUST01829,22,Female,Ahmedabad,Self-Employed,2192569.0,911501,Home Loan,475.0,3,25319.47,Missed,Defaulted,0.13857426607782924,0.41572283472036686,Poor
CUST01227,27,Male,Pune,Freelancer,1922907.0,3514524,Car Loan,558.0,13,22529.0,Good,Rejected,0.14059338283130698,1.8277139768069908,Fair
CUST00919,30,Female,Pune,Business Owner,1952374.0,4848757,Business Loan,328.0,8,50507.89,Good,Defaulted,0.3104398440052981,2.483518526675729,Poor
CUST01746,44,Female,Delhi,Self-Employed,1008301.0,4804489,Car Loan,391.0,5,80074.82,Excellent,Defaulted,0.9529870941316135,4.7649352723046,Poor
CUST01705,47,Male,Lucknow,Freelancer,2483785.0,2476062,Car Loan,643.0,14,14738.46,Excellent,Approved,0.07120645305451155,0.9968906326433246,Fair
CUST01652,35,Female,Pune,Business Owner,2116494.0,3529664,Car Loan,693.0,4,73534.67,Missed,Defaulted,0.4169234781671954,1.6676938370720635,Good
CUST00763,61,Female,Bangalore,Freelancer,1717740.0,3059828,Education Loan,794.0,17,14999.16,Missed,Defaulted,0.10478298229068427,1.781310326359053,Excellent
CUST00990,57,Male,Delhi,Business Owner,1804642.0,1628458,Education Loan,827.0,8,16963.1,Delayed,Rejected,0.11279644383761432,0.9023717723515245,Excellent
CUST00389,34,Male,Mumbai,Freelancer,1747261.0,3355610,Personal Loan,508.0,1,279634.17,Missed,Defaulted,1.9204973040661928,1.920497281173219,Poor
CUST00236,44,Male,Lucknow,Freelancer,1827687.0,4647855,Business Loan,760.0,16,24207.58,Delayed,Approved,0.15893911813127742,2.5430256931301694,Excellent
CUST01538,34,Male,Kolkata,Self-Employed,1645065.0,3770922,Personal Loan,429.0,13,24172.58,Excellent,Defaulted,0.17632796272487714,2.292263223641619,Poor
CUST00268,56,Male,Pune,Business Owner,1570073.0,4822945,Car Loan,318.0,2,200956.04,Excellent,Defaulted,1.5358983181036805,3.0717966616838837,Poor
CUST01490,38,Female,Lucknow,Salaried,886268.0,3746944,Business Loan,601.0,13,24018.87,Missed,Defaulted,0.3252136374099031,4.2277776022602644,Fair
CUST00118,35,Male,Jaipur,Salaried,913936.0,2838107,Business Loan,487.0,17,13912.29,Delayed,Defaulted,0.18266867701895975,3.1053673342553525,Poor
CUST01638,38,Male,Delhi,Salaried,481696.0,1067375,Education Loan,594.0,6,14824.65,Good,Defaulted,0.36931134989703046,2.215868514581811,Fair
CUST00674,56,Male,Hyderabad,Freelancer,732726.0,595726,Home Loan,883.0,10,4964.38,Excellent,Approved,0.08130264246116556,0.8130269705183111,Excellent
CUST00250,30,Female,Mumbai,Freelancer,755462.0,1502137,Education Loan,714.0,19,6588.32,Delayed,Rejected,0.10465098178333258,1.9883687068310518,Good
CUST01482,47,Female,Mumbai,Freelancer,614170.0,4313272,Personal Loan,504.0,17,21143.49,Missed,Defaulted,0.41311343764755687,7.022928505137014,Poor
CUST00095,54,Male,Ahmedabad,Self-Employed,1544613.0,4997796,Personal Loan,411.0,14,29748.79,Good,Defaulted,0.23111645441285292,3.235629895643763,Poor
CUST00034,58,Female,Chennai,Business Owner,1730814.0,1016649,Home Loan,541.0,7,12102.96,Missed,Defaulted,0.08391168548440213,0.5873820063854348,Poor
CUST01494,24,Male,Kolkata,Freelancer,472919.0,2353707,Personal Loan,532.0,8,24517.78,Missed,Defaulted,0.6221220970187283,4.976977029893068,Poor
CUST01702,51,Female,Kolkata,Freelancer,1288963.0,431325,Education Loan,834.0,13,2764.9,Missed,Defaulted,0.025740692323984477,0.33462946570227387,Excellent
CUST00449,45,Male,Kolkata,Self-Employed,1233316.0,320146,Car Loan,439.0,18,1482.16,Good,Defaulted,0.014421218892806063,0.25958148601007364,Poor
CUST00717,58,Female,Bangalore,Business Owner,323950.0,4284453,Home Loan,711.0,9,39670.86,Excellent,Defaulted,1.4695178885630498,13.225661367494984,Good
CUST01291,22,Female,Kolkata,Salaried,1659700.0,71650,Business Loan,782.0,15,398.06,Excellent,Approved,0.002878062300415738,0.04317045249141411,Excellent
CUST01549,51,Male,Hyderabad,Salaried,1841232.0,454911,Car Loan,322.0,5,7581.85,Missed,Defaulted,0.04941376208973123,0.2470688104486561,Poor
CUST00001,60,Male,Bangalore,Freelancer,2286213.0,4698455,Car Loan,740.0,14,27966.99,Delayed,Rejected,0.14679466873821467,2.055125659770109,Good
CUST01403,51,Male,Mumbai,Salaried,2119396.0,850607,Business Loan,340.0,14,5063.14,Good,Defaulted,0.028667450537794733,0.40134406217620494,Poor
CUST01102,38,Male,Lucknow,Self-Employed,1130370.0,3605971,Personal Loan,514.0,6,50082.93,Good,Rejected,0.5316800339711776,3.190080239213709,Poor
CUST01109,28,Female,Pune,Business Owner,1649087.0,3527794,Business Loan,646.0,11,26725.71,Missed,Defaulted,0.19447641028035514,2.139240682874827,Fair
CUST01252,31,Female,Chennai,Business Owner,1558311.0,470888,Personal Loan,637.0,7,5605.81,Missed,Defaulted,0.0431683534288085,0.3021784483328424,Fair
CUST00083,46,Female,Bangalore,Salaried,1777222.0,556453,Car Loan,460.0,10,4637.11,Excellent,Defaulted,0.03131028087655903,0.31310269623040904,Poor
CUST01315,42,Male,Jaipur,Business Owner,1176089.0,395430,Home Loan,542.0,11,2995.68,Excellent,Rejected,0.03056585003345835,0.3362245544342307,Poor
CUST00677,27,Male,Delhi,Freelancer,1304002.0,540999,Personal Loan,422.0,9,5009.25,Excellent,Defaulted,0.0460973219366228,0.4148758974296052,Poor
CUST01800,54,Male,Delhi,Self-Employed,2042360.0,2073553,Car Loan,311.0,18,9599.78,Excellent,Defaulted,0.05640404238234201,1.015273017489571,Poor
CUST01047,26,Female,Ahmedabad,Salaried,1818963.0,2500700,Car Loan,428.0,4,52097.92,Delayed,Defaulted,0.3436986018956955,1.374794319620575,Poor
CUST00771,53,Female,Delhi,Freelancer,1589330.0,3249039,Business Loan,757.0,7,38679.04,Delayed,Rejected,0.2920403440443457,2.0442821817998778,Excellent
CUST01241,63,Female,Ahmedabad,Salaried,538540.0,1740992,Personal Loan,572.0,5,29016.53,Good,Rejected,0.6465598841311694,3.232799792030304,Fair
CUST01776,41,Male,Bangalore,Freelancer,898876.0,3272018,Car Loan,819.0,4,68167.04,Excellent,Approved,0.9100303935136771,3.640121663054748,Excellent
CUST01612,24,Female,Ahmedabad,Salaried,325355.0,1540309,Education Loan,481.0,16,8022.44,Missed,Defaulted,0.2958899663444545,4.734241059765487,Poor
CUST01520,44,Male,Hyderabad,Business Owner,245475.0,728066,Car Loan,402.0,6,10112.03,Missed,Defaulted,0.49432471738466244,2.965947652510439,Poor
CUST00405,53,Male,Bangalore,Freelancer,1428337.0,2126775,Personal Loan,395.0,12,14769.27,Missed,Defaulted,0.12408222989392559,1.4889868427408939,Poor
CUST01870,50,Female,Mumbai,Salaried,1187797.0,274062,Personal Loan,432.0,16,1427.41,Good,Defaulted,0.01442074697949229,0.23073134550769198,Poor
CUST01325,33,Female,Hyderabad,Salaried,2435883.0,3451447,Car Loan,536.0,9,31957.84,Delayed,Rejected,0.1574353448010434,1.4169182181574402,Poor
CUST01367,60,Male,Kolkata,Self-Employed,948778.0,1728332,Home Loan,585.0,10,14402.77,Delayed,Rejected,0.18216404680546977,1.821640046459762,Fair
CUST00105,55,Male,Mumbai,Salaried,2365160.0,2449146,Personal Loan,554.0,10,20409.55,Missed,Defaulted,0.103550964839588,1.0355096483958801,Fair
CUST00689,31,Female,Mumbai,Self-Employed,1406123.0,4472888,Personal Loan,657.0,13,28672.36,Excellent,Rejected,0.24469290382135844,3.1810076358896056,Good
CUST01332,37,Male,Lucknow,Business Owner,1093388.0,4901039,Personal Loan,457.0,8,51052.49,Good,Defaulted,0.5603041921074678,4.482433500276206,Poor
CUST00827,43,Male,Hyderabad,Freelancer,1756396.0,1467231,Education Loan,367.0,14,8733.52,Delayed,Defaulted,0.059668912933074324,0.8353645760978732,Poor
CUST00063,55,Male,Ahmedabad,Salaried,434386.0,3682403,Personal Loan,512.0,17,18051.0,Delayed,Defaulted,0.4986624799141777,8.477259856441046,Poor
CUST00853,54,Female,Delhi,Salaried,1528263.0,3067193,Personal Loan,794.0,9,28399.94,Missed,Defaulted,0.22299779553650123,2.00697981957294,Excellent
CUST01380,63,Female,Kolkata,Freelancer,2229144.0,437773,Home Loan,352.0,11,3316.46,Delayed,Defaulted,0.017853274620212963,0.19638614643109642,Poor
CUST00224,53,Male,Hyderabad,Freelancer,1691633.0,881257,Car Loan,771.0,2,36719.04,Good,Approved,0.26047522128026585,0.5209504662063226,Excellent
CUST00146,28,Female,Chennai,Salaried,1107669.0,709987,Home Loan,488.0,2,29582.79,Good,Defaulted,0.32048696857996384,0.6409739732717987,Poor
CUST01089,45,Male,Ahmedabad,Business Owner,2183691.0,4524024,Home Loan,678.0,3,125667.33,Delayed,Approved,0.6905775405036702,2.0717326764638404,Good
CUST00374,27,Female,Pune,Business Owner,1950740.0,4712315,Education Loan,723.0,15,26179.53,Good,Rejected,0.16104368598583102,2.4156550847370744,Good
CUST01449,53,Female,Ahmedabad,Business Owner,953494.0,1080451,Home Loan,597.0,19,4738.82,Excellent,Rejected,0.059639431396526874,1.1331492384849826,Fair
CUST01143,44,Male,Bangalore,Self-Employed,1272358.0,4885925,Business Loan,686.0,19,21429.5,Delayed,Rejected,0.20210821168256105,3.8400552360263385,Good
CUST01865,23,Female,Jaipur,Freelancer,1391855.0,425233,Business Loan,671.0,8,4429.51,Excellent,Approved,0.03818940909793046,0.30551530152206946,Good
CUST01526,60,Male,Chennai,Salaried,1802970.0,2242710,Education Loan,539.0,18,10382.92,Delayed,Rejected,0.06910544268623438,1.2438975690111316,Poor
CUST01633,36,Male,Chennai,Self-Employed,292036.0,2131280,Business Loan,592.0,16,11100.42,Missed,Defaulted,0.45612540919612654,7.298004355627389,Fair
CUST01388,56,Male,Bangalore,Salaried,1669793.0,921905,Home Loan,666.0,13,5909.65,Excellent,Approved,0.0424698151207964,0.5521073570197025,Good
CUST00010,32,Male,Jaipur,Salaried,1901667.0,3673425,Business Loan,776.0,12,25509.9,Excellent,Approved,0.16097392445680556,1.9316867779690134,Excellent
CUST00450,37,Female,Kolkata,Freelancer,824771.0,4351828,Business Loan,432.0,8,45331.54,Excellent,Defaulted,0.6595509298944798,5.276407633149081,Poor
CUST00709,33,Female,Jaipur,Freelancer,2484139.0,4205304,Personal Loan,891.0,12,29203.5,Missed,Defaulted,0.1410718160296183,1.6928617923554197,Excellent
CUST00256,41,Male,Bangalore,Business Owner,263037.0,1607009,Education Loan,464.0,1,133917.42,Excellent,Defaulted,6.109441029208819,6.109440877138957,Poor
CUST00883,36,Male,Bangalore,Business Owner,1357588.5,2198185,Education Loan,689.0,1,183182.08,Missed,Defaulted,1.6191835449401641,1.6191835744041734,Good
CUST00390,63,Female,Delhi,Self-Employed,1066183.0,503222,Car Loan,634.0,17,2466.77,Missed,Defaulted,0.027763751626127972,0.4719846405354428,Fair
CUST00909,26,Female,Jaipur,Self-Employed,306022.0,3070791,Personal Loan,673.0,9,28433.25,Good,Defaulted,1.114949252014561,10.03454326813105,Good
CUST00925,59,Female,Jaipur,Business Owner,1561303.0,2021140,Education Loan,729.0,19,8864.65,Missed,Defaulted,0.06813270710425842,1.2945213068827768,Good
CUST01738,47,Male,Delhi,Business Owner,2420182.0,653151,Personal Loan,464.0,17,3201.72,Excellent,Defaulted,0.01587510360791048,0.269876810917526,Poor
CUST01794,33,Male,Ahmedabad,Freelancer,2475419.0,3345784,Business Loan,683.0,11,25346.85,Missed,Rejected,0.12287301664889862,1.351603102343482,Good
CUST00461,64,Male,Hyderabad,Business Owner,2127205.0,696275,Car Loan,626.0,3,19340.97,Delayed,Rejected,0.1091063813783815,0.3273191817431794,Fair
CUST01491,61,Female,Hyderabad,Freelancer,1001955.0,3934175,Business Loan,691.0,4,81961.98,Excellent,Approved,0.9816246837432819,3.926498695051175,Good
CUST01735,25,Female,Delhi,Business Owner,996883.0,482941,Personal Loan,658.0,4,10061.27,Good,Approved,0.12111274843687775,0.4844510338725808,Good
CUST01169,42,Female,Kolkata,Business Owner,2008286.0,664673,Education Loan,468.0,12,4615.78,Missed,Defaulted,0.027580414343375395,0.3309653107176966,Poor
CUST00959,61,Female,Hyderabad,Self-Employed,445404.0,4657765,Car Loan,783.0,16,24259.19,Delayed,Defaulted,0.6535870355901607,10.457393736921986,Excellent
CUST00502,60,Female,Kolkata,Self-Employed,704409.0,185370,Personal Loan,558.0,13,1188.27,Missed,Defaulted,0.0202428418716967,0.2631567739764824,Fair
CUST00740,50,Female,Hyderabad,Self-Employed,2438673.0,959210,Home Loan,725.0,2,39967.08,Excellent,Rejected,0.19666636732354031,0.3933327674518068,Good
CUST01889,44,Male,Pune,Self-Employed,1809184.0,323541,Home Loan,591.0,17,1585.99,Excellent,Rejected,0.010519593363637973,0.17883255655588376,Fair
CUST00732,59,Female,Chennai,Salaried,1416593.0,3007498,Education Loan,853.0,13,19278.83,Delayed,Rejected,0.16331152278742025,2.1230501633143746,Excellent
CUST00540,37,Female,Chennai,Business Owner,2198671.0,4991412,Business Loan,356.0,13,31996.23,Excellent,Defaulted,0.17463038353623622,2.2701950405494955,Poor
CUST01202,43,Male,Pune,Freelancer,2329593.0,168542,Personal Loan,625.0,15,936.34,Delayed,Approved,0.004823194437826694,0.07234825997502568,Fair
CUST00698,22,Male,Delhi,Freelancer,1339929.0,4407356,Business Loan,747.0,14,26234.26,Missed,Defaulted,0.23494612027950734,3.289245922731727,Good
CUST01421,32,Female,Chennai,Self-Employed,679083.0,2655327,Business Loan,321.0,17,13016.31,Excellent,Defaulted,0.2300097631659164,3.910165620402808,Poor
CUST01404,25,Male,Pune,Freelancer,1271177.0,1834094,Business Loan,594.0,4,38210.29,Missed,Defaulted,0.36070781645671685,1.4428313287606682,Fair
CUST01146,28,Female,Delhi,Salaried,854224.0,3404513,Car Loan,368.0,1,283709.42,Delayed,Defaulted,3.985503849107494,3.985503802281369,Poor
CUST01032,44,Male,Mumbai,Business Owner,280388.0,1581817,Personal Loan,485.0,14,9415.58,Missed,Defaulted,0.40296646076151615,5.641528881407193,Poor
CUST00373,63,Female,Mumbai,Freelancer,2168541.0,2297680,Home Loan,847.0,14,13676.67,Excellent,Approved,0.07568223981008429,1.0595510991030375,Excellent
CUST00668,43,Female,Hyderabad,Freelancer,778688.0,938698,Education Loan,517.0,1,78224.83,Missed,Defaulted,1.2054866133804554,1.205486664748911,Poor
CUST01557,51,Female,Hyderabad,Business Owner,635928.0,4736270,Car Loan,598.0,11,35880.83,Delayed,Defaulted,0.6770734422764841,7.447808556943554,Fair
CUST00358,29,Female,Chennai,Business Owner,1258079.0,2329023,Home Loan,341.0,3,64695.08,Missed,Defaulted,0.6170844279254323,1.8512533791598142,Poor
CUST00968,36,Male,Bangalore,Freelancer,2174847.0,4841882,Personal Loan,790.0,9,44832.24,Excellent,Approved,0.2473676906927246,2.226309253018718,Excellent
CUST00784,33,Male,Kolkata,Salaried,363834.0,376284,Education Loan,782.0,15,2090.47,Good,Approved,0.0689480367420307,1.0342189020267485,Excellent
CUST00736,51,Male,Jaipur,Self-Employed,2088806.0,2032539,Car Loan,836.0,19,8914.64,Good,Approved,0.05121379390905618,0.9730626013138607,Excellent
CUST01036,47,Female,Kolkata,Self-Employed,1235354.0,4590334,Home Loan,731.0,3,127509.28,Delayed,Rejected,1.2386015344589485,3.7158045386180802,Good
CUST00971,38,Male,Pune,Salaried,711603.0,3246247,Home Loan,841.0,13,20809.28,Good,Rejected,0.3509138662990459,4.5618793062985965,Excellent
CUST01556,36,Female,Bangalore,Freelancer,2269694.0,221277,Personal Loan,688.0,2,9219.88,Good,Rejected,0.04874602479453177,0.09749199671850038,Good
CUST01518,64,Female,Hyderabad,Self-Employed,1353824.0,927751,Car Loan,392.0,18,4295.14,Delayed,Defaulted,0.03807118207388849,0.6852818387028151,Poor
CUST01555,49,Male,Ahmedabad,Salaried,984192.0,4187075,Education Loan,662.0,17,20524.88,Missed,Defaulted,0.25025458447132265,4.254327407660294,Good
CUST01377,63,Male,Hyderabad,Freelancer,538365.0,1419971,Personal Loan,775.0,16,7395.68,Excellent,Approved,0.16484756624223343,2.6375618771651204,Excellent
CUST01522,31,Male,Hyderabad,Salaried,1299577.0,1675199,Personal Loan,306.0,12,11633.33,Excellent,Defaulted,0.10741953728020733,1.2890340472322916,Poor
CUST01674,32,Female,Hyderabad,Business Owner,1713083.0,4934299,Personal Loan,382.0,1,411191.58,Good,Defaulted,2.880361873884686,2.880361897234401,Poor
CUST01253,38,Female,Kolkata,Self-Employed,1835125.0,1413133,Personal Loan,336.0,17,6927.12,Delayed,Defaulted,0.04529688168380901,0.7700472719841973,Poor
CUST01728,29,Female,Mumbai,Freelancer,1391855.0,4340730,Home Loan,596.0,3,120575.83,Good,Rejected,1.0395550973341332,3.118665378218277,Fair
CUST01750,40,Male,Pune,Salaried,312935.0,3266662,Business Loan,632.0,3,90740.61,Excellent,Defaulted,3.47959582660936,10.43878760765015,Fair
CUST01237,46,Female,Delhi,Business Owner,318581.0,2898768,Car Loan,805.0,6,40260.67,Delayed,Defaulted,1.5164998540402597,9.098998370900963,Excellent
CUST00886,47,Male,Mumbai,Salaried,2431984.0,3396145,Education Loan,559.0,1,283012.08,Good,Rejected,1.3964503713840222,1.3964503878314989,Fair
CUST00080,50,Female,Lucknow,Business Owner,942296.0,1243982,Home Loan,485.0,18,5759.18,Missed,Defaulted,0.07334230432900066,1.320160544032873,Poor
CUST01173,28,Male,Bangalore,Freelancer,379838.0,804085,Car Loan,445.0,9,7445.23,Missed,Defaulted,0.23521280124684732,2.1169156324538356,Poor
CUST00815,64,Male,Mumbai,Salaried,512023.0,3774476,Business Loan,738.0,4,78634.92,Missed,Defaulted,1.842923149936624,7.371692287260533,Good
CUST01700,62,Male,Lucknow,Self-Employed,251707.0,3379782,Education Loan,519.0,18,15647.14,Excellent,Defaulted,0.7459692420155181,13.427445402789752,Poor
CUST00672,55,Female,Mumbai,Self-Employed,594341.0,2281946,Business Loan,535.0,15,12677.48,Good,Rejected,0.25596376490937023,3.83945580062624,Poor
CUST01563,53,Female,Pune,Salaried,2173343.0,2972321,Business Loan,878.0,15,16512.89,Good,Approved,0.09117506072442315,1.3676262789628697,Excellent
CUST00058,63,Male,Pune,Business Owner,1500035.0,967472,Home Loan,776.0,8,10077.83,Good,Approved,0.08062075884896018,0.6449662841200372,Excellent
CUST00134,53,Female,Hyderabad,Self-Employed,2003919.0,1593812,Home Loan,876.0,2,66408.83,Excellent,Approved,0.397673738309782,0.7953475165413373,Excellent
CUST01141,55,Male,Mumbai,Salaried,2421005.0,1068454,Personal Loan,560.0,13,6849.06,Excellent,Rejected,0.03394818267620265,0.44132663914366144,Fair
CUST00934,33,Female,Chennai,Freelancer,760315.0,1838220,Education Loan,471.0,3,51061.67,Excellent,Defaulted,0.8059028692055267,2.417708449787259,Poor
CUST01719,30,Female,Hyderabad,Self-Employed,464237.0,1468767,Education Loan,328.0,15,8159.82,Missed,Defaulted,0.2109220936719822,3.1638301126364334,Poor
CUST00824,60,Male,Pune,Freelancer,2124914.0,937099,Personal Loan,656.0,3,26030.53,Excellent,Approved,0.14700188337033876,0.44100561246243375,Good
CUST01215,46,Male,Jaipur,Freelancer,1175776.0,3280786,Car Loan,594.0,10,27339.88,Delayed,Rejected,0.2790315162071687,2.790315502272542,Fair
CUST00505,44,Male,Lucknow,Business Owner,2463089.0,4082516,Home Loan,609.0,3,113403.22,Missed,Defaulted,0.5524926789084763,1.6574780692049698,Fair
CUST01812,26,Male,Delhi,Business Owner,1515823.0,2960744,Education Loan,753.0,10,24672.87,Delayed,Rejected,0.1953225673446042,1.95322540956299,Excellent
CUST00348,63,Female,Mumbai,Freelancer,1701352.0,132806,Car Loan,796.0,18,614.84,Excellent,Approved,0.0043365981877941774,0.07805909653028885,Excellent
CUST00387,61,Female,Kolkata,Business Owner,1611220.0,2723705,Home Loan,643.0,1,226975.42,Excellent,Rejected,1.6904612902024554,1.690461265376547,Fair
CUST01025,41,Female,Ahmedabad,Salaried,377912.0,406778,Personal Loan,800.0,18,1883.23,Good,Approved,0.05979900082558903,1.0763828616185778,Excellent
CUST00895,33,Male,Ahmedabad,Salaried,210651.0,1817413,Business Loan,401.0,10,15145.11,Missed,Defaulted,0.8627603002121994,8.627602052684297,Poor
CUST00829,46,Male,Pune,Self-Employed,1641985.0,457974,Business Loan,480.0,14,2726.04,Excellent,Defaulted,0.01992252060767912,0.2789148500138552,Poor
CUST01933,54,Female,Lucknow,Salaried,725005.0,166220,Personal Loan,864.0,7,1978.81,Delayed,Approved,0.03275249136212854,0.22926738436286645,Excellent
CUST00476,44,Female,Lucknow,Self-Employed,1096816.0,2251340,Education Loan,656.0,15,12507.44,Missed,Defaulted,0.1368408921824627,2.0526141121209025,Good
CUST01573,43,Female,Delhi,Business Owner,242291.0,2850174,Home Loan,636.0,4,59378.62,Missed,Defaulted,2.940858059110739,11.763433226987383,Fair
CUST01476,55,Female,Chennai,Freelancer,1531420.0,3341987,Home Loan,460.0,19,14657.84,Excellent,Defaulted,0.11485685181073775,2.182279844849878,Poor
CUST01425,28,Male,Pune,Business Owner,268323.0,640611,Home Loan,731.0,14,3813.16,Delayed,Rejected,0.17053297704632103,2.3874621258706856,Good
CUST00653,39,Female,Ahmedabad,Salaried,571616.0,3983817,Education Loan,880.0,11,30180.43,Delayed,Defaulted,0.6335812153613616,6.9693937888372615,Excellent
CUST00173,63,Female,Ahmedabad,Salaried,957771.0,4964082,Home Loan,867.0,2,206836.75,Missed,Defaulted,2.5914764594041793,5.1829529188083585,Excellent
CUST00039,39,Female,Chennai,Business Owner,736437.0,1477989,Education Loan,547.0,5,24633.15,Good,Rejected,0.40138912086166234,2.0069456043083114,Poor
CUST00714,38,Female,Ahmedabad,Freelancer,1902159.0,1210714,Education Loan,706.0,17,5934.87,Excellent,Approved,0.037440844850509344,0.6364946358322306,Good
CUST00091,38,Male,Jaipur,Salaried,393510.0,1706042,Education Loan,439.0,15,9478.01,Missed,Defaulted,0.2890298086452695,4.335447637925339,Poor
CUST01977,29,Female,Delhi,Business Owner,445144.0,225037,Car Loan,846.0,1,18753.08,Missed,Defaulted,0.5055374440630448,0.5055375339216074,Excellent
CUST01206,51,Male,Mumbai,Salaried,2341912.0,1693906,Business Loan,643.0,3,47052.94,Good,Rejected,0.2411001267340532,0.7233004485224039,Fair
CUST00876,32,Female,Hyderabad,Self-Employed,1781074.0,371898,Home Loan,399.0,4,7747.88,Good,Defaulted,0.05220140207537699,0.2088054735513516,Poor
CUST01553,53,Male,Hyderabad,Freelancer,2439332.0,1787075,Home Loan,330.0,17,8760.17,Missed,Defaulted,0.04309460130888293,0.7326083534344648,Poor
CUST01930,23,Male,Delhi,Self-Employed,2060971.0,3490227,Car Loan,860.0,10,29085.22,Missed,Defaulted,0.16934864197506905,1.6934867108756018,Excellent
CUST01094,54,Male,Bangalore,Freelancer,2026525.0,4650549,Education Loan,728.0,15,25836.38,Delayed,Approved,0.15298925994004514,2.2948391951740046,Good
CUST01156,54,Male,Pune,Self-Employed,762621.0,3245741,Personal Loan,631.0,11,24588.95,Missed,Defaulted,0.38691224081162207,4.2560341244209114,Fair
CUST01964,28,Male,Pune,Self-Employed,1665915.0,3754425,Education Loan,662.0,8,39108.59,Excellent,Approved,0.28170889871331967,2.2536714058040177,Good
CUST01999,64,Female,Chennai,Salaried,1438697.0,3846234,Business Loan,361.0,17,18854.09,Delayed,Defaulted,0.15725971486699425,2.673414902512482,Poor
CUST00500,57,Male,Jaipur,Business Owner,841147.0,3068439,Home Loan,451.0,4,63925.81,Excellent,Defaulted,0.9119805693891793,3.647922420219058,Poor
CUST00339,23,Male,Kolkata,Freelancer,2445854.0,2239063,Personal Loan,536.0,11,16962.6,Delayed,Rejected,0.08322295607178515,0.915452435018607,Poor
CUST01189,63,Female,Delhi,Freelancer,1616842.0,4613167,Home Loan,485.0,6,64071.76,Good,Defaulted,0.47553262470915525,2.853195921432026,Poor
CUST00029,63,Male,Kolkata,Business Owner,954950.0,2564399,Home Loan,674.0,2,106849.96,Good,Rejected,1.3426875962092257,2.6853751505314416,Good
CUST01218,43,Male,Ahmedabad,Business Owner,1604355.0,3466403,Education Loan,823.0,8,36108.36,Delayed,Approved,0.2700775825799153,2.1606209348928385,Excellent
CUST01352,39,Male,Delhi,Self-Employed,1951498.0,2842537,Car Loan,415.0,15,15791.87,Missed,Defaulted,0.09710614102602207,1.4565923203610764,Poor
CUST01859,58,Male,Mumbai,Self-Employed,1079854.0,92137,Home Loan,437.0,16,479.88,Missed,Defaulted,0.005332720904863065,0.0853235715198536,Poor
CUST00946,51,Female,Lucknow,Self-Employed,2296952.0,2519930,Home Loan,585.0,3,69998.06,Good,Rejected,0.3656918908187894,1.0970756027988395,Fair
CUST00170,30,Female,Mumbai,Business Owner,926331.0,1944554,Personal Loan,480.0,18,9002.56,Good,Defaulted,0.1166221577384326,2.099199962000624,Poor
CUST01433,47,Female,Bangalore,Salaried,1740724.0,3684183,Business Loan,535.0,15,20467.68,Good,Rejected,0.14109770417366568,2.1164659072891507,Poor
CUST01198,51,Female,Hyderabad,Freelancer,1767343.0,952473,Education Loan,829.0,17,4668.99,Missed,Defaulted,0.03170175794964531,0.5389293419556929,Excellent
CUST01254,47,Male,Jaipur,Self-Employed,516480.0,240285,Education Loan,436.0,19,1053.88,Good,Defaulted,0.024486059479553905,0.46523582713754646,Poor
CUST01762,62,Female,Lucknow,Salaried,1053329.0,3821460,Home Loan,305.0,12,26537.92,Missed,Defaulted,0.30233197794801053,3.627983279678049,Poor
CUST00913,34,Male,Kolkata,Freelancer,670529.0,392221,Car Loan,331.0,16,2042.82,Delayed,Defaulted,0.036558955690208776,0.5849426348450254,Poor
CUST00492,42,Male,Pune,Self-Employed,2330939.0,904741,Education Loan,899.0,19,3968.16,Good,Approved,0.020428642705793674,0.38814443449614083,Excellent
CUST00954,25,Female,Pune,Business Owner,2126711.0,1554900,Education Loan,425.0,2,64787.5,Missed,Defaulted,0.3655644796119454,0.7311289592238908,Poor
CUST01098,47,Male,Hyderabad,Business Owner,472647.0,1890875,Home Loan,375.0,18,8754.05,Delayed,Defaulted,0.2222559330747894,4.000607218494987,Poor
CUST01033,47,Female,Bangalore,Business Owner,439779.0,2065074,Business Loan,333.0,3,57363.17,Good,Defaulted,1.5652362663974406,4.695708526327997,Poor
CUST00588,34,Female,Pune,Freelancer,1457669.0,3749243,Car Loan,386.0,10,31243.69,Excellent,Defaulted,0.25720810417179757,2.572081178923336,Poor
CUST00751,23,Male,Chennai,Business Owner,1784973.0,4982048,Business Loan,301.0,14,29655.05,Good,Defaulted,0.19936469627271672,2.7911055237250086,Poor
CUST00658,51,Male,Ahmedabad,Business Owner,1116383.0,4337382,Home Loan,714.0,5,72289.7,Excellent,Rejected,0.7770419291587205,3.885209645793603,Good
CUST00235,46,Male,Delhi,Self-Employed,1819715.0,184445,Car Loan,666.0,15,1024.69,Excellent,Rejected,0.006757255943925285,0.10135927878816188,Good
CUST00733,54,Male,Hyderabad,Self-Employed,1434915.0,1619720,Home Loan,341.0,19,7104.04,Good,Defaulted,0.05941012533843468,1.1287916008962204,Poor
CUST01718,27,Male,Kolkata,Freelancer,801160.0,1211140,Home Loan,495.0,19,5312.02,Good,Defaulted,0.07956493085026711,1.5117329871686056,Poor
CUST01157,49,Female,Bangalore,Self-Employed,813859.0,2548714,Home Loan,850.0,8,26549.1,Good,Rejected,0.39145503090830225,3.1316407387520444,Excellent
CUST01997,57,Female,Lucknow,Business Owner,1173737.0,1168844,Car Loan,586.0,13,7492.59,Good,Rejected,0.0766024075240024,0.9958312637328465,Fair
CUST01453,46,Male,Mumbai,Salaried,1339904.0,2310791,Car Loan,718.0,17,11327.41,Good,Rejected,0.10144676036492166,1.7245944485575087,Good
CUST01659,43,Female,Bangalore,Business Owner,1824777.0,3491558,Car Loan,476.0,17,17115.48,Excellent,Defaulted,0.1125538956266985,1.9134162694948478,Poor
CUST00935,56,Female,Jaipur,Freelancer,2471073.0,4061718,Education Loan,875.0,19,17814.55,Delayed,Approved,0.08651083962311108,1.643706195648611,Excellent
CUST01210,38,Male,Bangalore,Business Owner,1596436.0,140140,Business Loan,744.0,7,1668.33,Delayed,Approved,0.012540408760514045,0.08778303671428106,Good
CUST01066,44,Male,Jaipur,Salaried,1362189.0,208477,Education Loan,594.0,6,2895.51,Delayed,Rejected,0.025507561726015995,0.15304557590760165,Fair
CUST00109,58,Female,Mumbai,Freelancer,1186753.0,4983842,Home Loan,594.0,19,21858.96,Delayed,Rejected,0.22102958239835924,4.199561324049739,Fair
CUST01574,47,Male,Ahmedabad,Business Owner,628276.0,923420,Education Loan,503.0,16,4809.48,Delayed,Rejected,0.09186051989889793,1.46976806371722,Poor
CUST00569,40,Female,Ahmedabad,Self-Employed,1662436.0,2418756,Personal Loan,369.0,14,14397.36,Missed,Defaulted,0.10392479469886359,1.4549468370511707,Poor
CUST01168,58,Male,Bangalore,Freelancer,536907.0,447172,Home Loan,507.0,16,2329.02,Good,Rejected,0.05205415463013147,0.8328667720852959,Poor
CUST01175,28,Female,Lucknow,Self-Employed,641904.0,775571,Business Loan,389.0,12,5385.91,Excellent,Defaulted,0.10068627084423838,1.2082351878162467,Poor
CUST00891,40,Female,Hyderabad,Salaried,1286787.0,529809,Home Loan,374.0,18,2452.82,Excellent,Defaulted,0.02287390220759147,0.4117301464811193,Poor
CUST00948,42,Female,Mumbai,Salaried,2380707.0,2029746,Car Loan,753.0,7,24163.64,Excellent,Approved,0.12179729802953491,0.852581187017134,Excellent
CUST01049,29,Female,Mumbai,Self-Employed,1409337.0,4068293,Car Loan,874.0,9,37669.38,Missed,Defaulted,0.3207412847317568,2.8866715342036717,Excellent
CUST01379,56,Female,Pune,Freelancer,1778315.0,1662119,Personal Loan,761.0,6,23084.99,Good,Approved,0.15577660875604155,0.9346594950838294,Excellent
CUST01645,50,Male,Mumbai,Business Owner,842927.0,972401,Education Loan,417.0,4,20258.35,Delayed,Defaulted,0.2884000631134131,1.153600489722123,Poor
CUST01475,32,Male,Chennai,Salaried,1743276.0,3002053,Personal Loan,572.0,16,15635.69,Missed,Defaulted,0.10762970407439786,1.7220755634793343,Fair
CUST00885,29,Female,Jaipur,Self-Employed,2287342.0,552264,Personal Loan,634.0,7,6574.57,Excellent,Approved,0.03449192993439547,0.24144356200340833,Fair
CUST01707,60,Female,Hyderabad,Self-Employed,1034874.0,655751,Education Loan,652.0,1,54645.92,Delayed,Rejected,0.6336530244261621,0.6336529857741136,Good
CUST00851,27,Male,Bangalore,Freelancer,402416.0,1400850,Business Loan,358.0,10,11673.75,Excellent,Defaulted,0.34810991610671543,3.4810991610671542,Poor
CUST00735,36,Female,Chennai,Salaried,1665744.0,1985657,Car Loan,357.0,9,18385.71,Excellent,Defaulted,0.13245043656168054,1.192054121161475,Poor
CUST00718,42,Male,Kolkata,Self-Employed,529638.0,398844,Business Loan,731.0,13,2556.69,Missed,Defaulted,0.057926885910754136,0.7530501965493412,Good
CUST00455,41,Male,Lucknow,Salaried,1970485.0,4522089,Education Loan,885.0,13,28987.75,Excellent,Approved,0.17653166606190862,2.294911658804812,Excellent
CUST00265,41,Male,Delhi,Self-Employed,1738112.0,4199287,Home Loan,361.0,12,29161.72,Excellent,Defaulted,0.2013337690551587,2.4160048374328005,Poor
CUST00076,45,Male,Mumbai,Business Owner,2355145.0,4713754,Personal Loan,735.0,2,196406.42,Excellent,Approved,1.0007354281795813,2.001470822390978,Good
CUST01691,41,Female,Bangalore,Self-Employed,937090.0,4978476,Home Loan,594.0,17,24404.29,Excellent,Defaulted,0.31251158373261906,5.312697819846546,Fair
CUST00445,22,Female,Chennai,Business Owner,1940687.0,4861671,Business Loan,516.0,18,22507.74,Missed,Defaulted,0.1391738492605969,2.505128853854331,Poor
CUST00396,47,Female,Lucknow,Self-Employed,1306581.0,2643157,Personal Loan,510.0,19,11592.79,Missed,Defaulted,0.10647137835312163,2.022956862222855,Poor
CUST00177,53,Female,Delhi,Self-Employed,2243037.0,761943,Home Loan,606.0,18,3527.51,Delayed,Approved,0.018871788561668847,0.33969256860230124,Fair
CUST01043,64,Female,Chennai,Self-Employed,2323238.0,782722,Personal Loan,759.0,9,7247.43,Delayed,Approved,0.03743446000797163,0.3369099506809031,Excellent
CUST01772,51,Female,Hyderabad,Salaried,1416593.0,2669222,Business Loan,345.0,11,20221.38,Missed,Defaulted,0.17129589091573938,1.8842546871260835,Poor
CUST01430,31,Male,Hyderabad,Salaried,307096.0,3725049,Education Loan,666.0,19,16337.93,Good,Defaulted,0.6384165212181208,12.129917029202595,Good
CUST01542,61,Female,Chennai,Self-Employed,1738814.0,1380728,Personal Loan,583.0,8,14382.58,Good,Rejected,0.09925786196798507,0.7940630797773655,Fair
CUST01408,22,Male,Ahmedabad,Business Owner,1198555.0,3712097,Home Loan,338.0,6,51556.9,Good,Defaulted,0.5161905794894686,3.0971436438044146,Poor
CUST00596,24,Male,Hyderabad,Self-Employed,530817.0,4393699,Education Loan,674.0,11,33285.6,Good,Defaulted,0.7524762771350577,8.277238671707952,Good
CUST00062,47,Male,Jaipur,Salaried,2460134.0,2112362,Education Loan,588.0,6,29338.36,Excellent,Rejected,0.14310615600613624,0.8586369685553714,Fair
CUST01297,60,Male,Ahmedabad,Salaried,1819471.0,256251,Personal Loan,594.0,13,1642.63,Good,Rejected,0.010833676381761513,0.1408381886823148,Fair
CUST00873,23,Male,Chennai,Self-Employed,908140.0,2318693,Education Loan,368.0,17,11366.14,Delayed,Defaulted,0.15019014689365076,2.553232981698857,Poor
CUST01784,57,Male,Ahmedabad,Salaried,1392503.0,2150326,Education Loan,897.0,2,89596.92,Excellent,Approved,0.7721082396231822,1.5442164217958596,Excellent
CUST01919,25,Male,Jaipur,Self-Employed,1148202.0,2633273,Education Loan,684.0,19,11549.44,Missed,Defaulted,0.12070461469323342,2.293388271401722,Good
CUST00279,25,Female,Delhi,Self-Employed,2031094.0,514310,Business Loan,341.0,15,2857.28,Good,Defaulted,0.016881227555199316,0.253218216389788,Poor
CUST00037,30,Female,Chennai,Salaried,355683.0,1914071,Personal Loan,565.0,13,12269.69,Delayed,Rejected,0.4139536609846408,5.381395793445287,Fair
CUST01547,27,Male,Pune,Freelancer,2047305.0,3474638,Home Loan,439.0,4,72388.29,Delayed,Defaulted,0.4242941232498333,1.6971765320750938,Poor
CUST00663,53,Male,Hyderabad,Salaried,2160584.0,1869231,Car Loan,384.0,16,9735.58,Excellent,Defaulted,0.054071936106163884,0.8651508110770051,Poor
CUST01845,62,Female,Ahmedabad,Business Owner,1070946.0,444768,Business Loan,724.0,5,7412.8,Delayed,Rejected,0.08306077057106521,0.41530385285532606,Good
CUST01473,46,Male,Lucknow,Salaried,1125779.0,2410901,Home Loan,845.0,2,100454.21,Excellent,Approved,1.0707701245093397,2.141540213487727,Excellent
CUST00978,27,Female,Hyderabad,Business Owner,845194.0,3353481,Business Loan,574.0,6,46576.12,Good,Rejected,0.6612842022068307,3.9677056391786976,Fair
CUST01603,50,Female,Pune,Freelancer,1568722.0,2811642,Business Loan,701.0,10,23430.35,Missed,Rejected,0.17923137432891229,1.7923137432891232,Good
CUST00739,26,Female,Lucknow,Business Owner,1960462.0,1759813,Home Loan,898.0,18,8147.28,Excellent,Approved,0.04986955115681916,0.8976521860663456,Excellent
CUST00192,54,Male,Pune,Business Owner,1278560.0,3701361,Education Loan,820.0,11,28040.61,Missed,Defaulted,0.26317679264172195,2.8949450944812916,Excellent
CUST00920,38,Female,Mumbai,Self-Employed,420972.0,3925010,Home Loan,773.0,10,32708.42,Delayed,Defaulted,0.9323685185713063,9.323684235531104,Excellent
CUST00457,33,Male,Kolkata,Business Owner,747993.0,318449,Home Loan,407.0,7,3791.06,Good,Defaulted,0.06081971355346909,0.4257379413978473,Poor
CUST00676,42,Male,Kolkata,Business Owner,996184.0,492244,Home Loan,570.0,14,2930.02,Excellent,Rejected,0.03529492543546172,0.4941295985480594,Fair
CUST00761,29,Male,Pune,Freelancer,1141768.0,2251580,Business Loan,777.0,9,20847.96,Excellent,Approved,0.21911239411158834,1.9720118272713896,Excellent
CUST01946,59,Male,Bangalore,Freelancer,1366670.0,4481407,Personal Loan,763.0,8,46681.32,Delayed,Rejected,0.40988376125911885,3.2790702949505,Excellent
CUST01742,35,Female,Hyderabad,Freelancer,516462.0,4550328,Business Loan,426.0,13,29168.77,Delayed,Defaulted,0.6777366776258467,8.8105765767859,Poor
CUST00729,36,Male,Kolkata,Freelancer,2175608.0,403039,Education Loan,519.0,17,1975.68,Delayed,Rejected,0.010897257226485654,0.18525350154991158,Poor
CUST01400,51,Male,Ahmedabad,Salaried,812181.0,483797,Personal Loan,603.0,15,2687.76,Missed,Approved,0.03971173913204077,0.5956763332311393,Fair
CUST00413,50,Female,Delhi,Salaried,1315488.0,1995537,Business Loan,778.0,6,27715.79,Excellent,Approved,0.2528259322776034,1.516955684886521,Excellent
CUST01099,49,Female,Jaipur,Business Owner,2381913.0,4849412,Education Loan,530.0,11,36737.97,Missed,Defaulted,0.18508469452914528,2.0359316230273734,Poor
CUST00826,60,Male,Jaipur,Salaried,753091.0,4195295,Personal Loan,655.0,19,18400.42,Good,Rejected,0.29319835185920423,5.570767676150691,Good
CUST01656,57,Male,Ahmedabad,Freelancer,747219.0,4695289,Home Loan,518.0,16,24454.63,Missed,Defaulted,0.39273032404154606,6.283685238196566,Poor
CUST00617,52,Male,Kolkata,Salaried,1416593.0,4904491,Business Loan,446.0,1,408707.58,Missed,Defaulted,3.462173651853426,3.462173680090188,Poor
CUST00115,22,Male,Bangalore,Freelancer,2108802.0,1167374,Education Loan,315.0,15,6485.41,Excellent,Defaulted,0.03690480187329109,0.5535721229399441,Poor
CUST00418,58,Female,Ahmedabad,Self-Employed,1385574.0,3424659,Car Loan,810.0,10,28538.82,Excellent,Approved,0.24716531921066645,2.4716536251401946,Excellent
CUST01951,34,Male,Jaipur,Freelancer,644972.0,2731478,Education Loan,510.0,5,45524.63,Delayed,Rejected,0.8470066297451672,4.235033458816817,Poor
CUST00970,46,Female,Ahmedabad,Self-Employed,1642721.0,1045893,Personal Loan,680.0,12,7263.15,Good,Approved,0.05305697072113889,0.6366832834060074,Good
CUST00605,37,Male,Bangalore,Business Owner,390706.0,3296434,Home Loan,725.0,15,18313.52,Excellent,Defaulted,0.5624746996462813,8.437121518481927,Good
CUST01959,46,Male,Pune,Salaried,245095.0,2193385,Personal Loan,680.0,13,14060.16,Good,Defaulted,0.688393969685224,8.949121769109937,Good
CUST00090,32,Male,Ahmedabad,Freelancer,1042186.0,1605811,Education Loan,609.0,13,10293.66,Delayed,Approved,0.11852387193840638,1.540810373580148,Fair
CUST00849,47,Male,Bangalore,Freelancer,1069807.0,96250,Car Loan,475.0,1,8020.83,Good,Defaulted,0.08996946178142412,0.08996949917134586,Poor
CUST01551,31,Male,Jaipur,Self-Employed,451514.0,3369343,Business Loan,632.0,2,140389.29,Good,Defaulted,3.7311611157129123,7.462322320016655,Fair
CUST01958,28,Male,Hyderabad,Self-Employed,2188415.0,3521888,Car Loan,627.0,5,58698.13,Delayed,Rejected,0.32186653811091587,1.6093327819449237,Fair
CUST00754,64,Female,Delhi,Freelancer,663001.0,361385,Education Loan,402.0,11,2737.77,Missed,Defaulted,0.04955232345049253,0.5450745926476732,Poor
CUST00499,56,Female,Bangalore,Self-Employed,1765070.0,4540224,Home Loan,815.0,17,22256.0,Good,Approved,0.15130957979003665,2.572262856430623,Excellent
CUST01277,41,Male,Mumbai,Freelancer,1179114.0,2609244,Personal Loan,543.0,4,54359.25,Missed,Defaulted,0.5532213170227815,2.212885268091126,Poor
CUST01326,36,Female,Delhi,Salaried,964265.0,2700196,Car Loan,698.0,7,32145.19,Excellent,Approved,0.4000376245119339,2.80026341306591,Good
CUST00012,45,Male,Kolkata,Self-Employed,1023346.0,2196674,Home Loan,552.0,19,9634.54,Delayed,Rejected,0.11297692080684345,2.1465604008810315,Fair
CUST00397,58,Female,Lucknow,Freelancer,1391855.0,2847909,Home Loan,664.0,13,18255.83,Excellent,Rejected,0.1573942400609259,2.046124775928527,Good
CUST00285,28,Female,Kolkata,Freelancer,1675153.0,4148535,Personal Loan,657.0,18,19206.18,Good,Rejected,0.13758394606343421,2.4765111007770635,Good
CUST01067,22,Male,Chennai,Freelancer,1736081.0,2445682,Education Loan,853.0,19,10726.68,Excellent,Approved,0.07414409811523771,1.4087372651391266,Excellent
CUST01192,44,Female,Pune,Self-Employed,1647585.0,4316399,Education Loan,658.0,15,23979.99,Good,Approved,0.17465555950072378,2.6198338780700237,Good
CUST01781,45,Female,Delhi,Business Owner,1136800.0,3506000,Business Loan,652.0,9,32462.96,Good,Rejected,0.3426772695285011,3.0840957072484168,Good
CUST00691,38,Male,Delhi,Business Owner,1985559.0,1770444,Car Loan,516.0,3,49179.0,Delayed,Rejected,0.2972200775700949,0.8916602327102846,Poor
CUST01663,32,Male,Chennai,Self-Employed,2097883.0,2576915,Home Loan,788.0,7,30677.56,Missed,Defaulted,0.17547724062781386,1.2283406653278568,Excellent
CUST01916,48,Male,Bangalore,Salaried,1895994.0,4101939,Business Loan,715.0,7,48832.61,Delayed,Approved,0.3090681299624366,2.163476783154377,Good
CUST00690,40,Male,Pune,Business Owner,1816596.0,3614360,Personal Loan,473.0,11,27381.52,Delayed,Defaulted,0.18087579186566524,1.9896333582150352,Poor
CUST00852,58,Male,Hyderabad,Self-Employed,1569277.0,525147,Car Loan,398.0,10,4376.23,Good,Defaulted,0.03346430235070035,0.33464264116532644,Poor
CUST00160,54,Male,Hyderabad,Salaried,589954.0,571244,Education Loan,496.0,6,7933.94,Good,Defaulted,0.16138085342247022,0.9682856629499927,Poor
CUST00896,22,Female,Mumbai,Business Owner,1065363.0,4388586,Business Loan,728.0,9,40635.06,Good,Rejected,0.457703824893487,4.1193339734907255,Good
CUST01607,35,Female,Hyderabad,Business Owner,463625.0,742353,Home Loan,726.0,19,3255.93,Missed,Defaulted,0.08427319493124831,1.6011927743327041,Good
CUST00258,54,Male,Bangalore,Self-Employed,404366.0,3807454,Education Loan,336.0,15,21152.52,Missed,Defaulted,0.6277239926205467,9.415860878511053,Poor
CUST00336,23,Female,Pune,Salaried,239279.0,4330428,Car Loan,851.0,9,40096.56,Excellent,Defaulted,2.0108689855775057,18.097818864171114,Excellent
CUST01920,54,Female,Mumbai,Freelancer,866015.0,3148056,Personal Loan,355.0,19,13807.26,Excellent,Defaulted,0.19132130505822648,3.6351056275006783,Poor
CUST01040,46,Female,Kolkata,Freelancer,988140.0,2124520,Home Loan,509.0,10,17704.33,Missed,Defaulted,0.215001882324367,2.150019228044609,Poor
CUST00516,41,Male,Bangalore,Freelancer,2077971.0,2564368,Home Loan,654.0,3,71232.44,Missed,Defaulted,0.41135765609818425,1.23407304529274,Good
CUST01349,51,Male,Hyderabad,Salaried,324932.0,4279228,Personal Loan,662.0,15,23773.49,Delayed,Defaulted,0.8779740991961396,13.169610872428693,Good
CUST01016,23,Female,Pune,Freelancer,762060.0,1709090,Personal Loan,545.0,12,11868.68,Good,Rejected,0.18689363042280135,2.242723670052227,Poor
CUST00769,48,Female,Bangalore,Salaried,2129848.0,2814717,Education Loan,835.0,3,78186.58,Delayed,Approved,0.4405192107605801,1.3215576886237892,Excellent
CUST01783,62,Male,Lucknow,Self-Employed,2121672.0,2313557,Home Loan,378.0,1,192796.42,Good,Defaulted,1.0904404827890457,1.0904404639359901,Poor
CUST00762,25,Female,Pune,Salaried,2040083.0,1544139,Personal Loan,404.0,18,7148.79,Good,Defaulted,0.042049995024712225,0.7569000869082287,Poor
CUST01247,48,Male,Bangalore,Self-Employed,1370694.0,304371,Education Loan,408.0,5,5072.85,Excellent,Defaulted,0.044411225262531245,0.22205612631265623,Poor
CUST01204,38,Female,Delhi,Self-Employed,955612.0,1885932,Personal Loan,895.0,16,9822.56,Excellent,Approved,0.12334579306245631,1.9735331912952119,Excellent
CUST01507,54,Female,Jaipur,Business Owner,411509.0,4507910,Car Loan,355.0,5,75131.83,Good,Defaulted,2.190916747871857,10.954584225375386,Poor
CUST00522,33,Male,Pune,Self-Employed,1777969.0,316150,Car Loan,773.0,8,3293.23,Delayed,Approved,0.022226911717808353,0.17781524874730661,Excellent
CUST00023,42,Female,Pune,Self-Employed,2309441.0,4833725,Car Loan,721.0,7,57544.35,Delayed,Approved,0.2990040447017265,2.093028139709999,Good
CUST00357,22,Male,Hyderabad,Salaried,1318095.0,2504698,Home Loan,853.0,9,23191.65,Good,Approved,0.21113789218531293,1.9002408779336846,Excellent
CUST01278,40,Female,Chennai,Freelancer,2251259.0,881635,Personal Loan,594.0,6,12244.93,Delayed,Rejected,0.06526977127020925,0.3916186453890912,Fair
CUST01313,29,Female,Lucknow,Freelancer,827835.0,2885623,Personal Loan,718.0,9,26718.73,Missed,Defaulted,0.38730515138886373,3.4857465557750036,Good
CUST01717,24,Female,Pune,Business Owner,1052050.0,3775530,Personal Loan,845.0,16,19664.22,Good,Rejected,0.2242960315574355,3.588736276792928,Excellent
CUST00341,38,Male,Delhi,Salaried,1502887.0,2869182,Car Loan,735.0,18,13283.25,Good,Rejected,0.10606186626140222,1.90911359270524,Good
CUST00432,57,Female,Mumbai,Self-Employed,2453722.0,2898439,Car Loan,708.0,12,20128.05,Good,Rejected,0.09843682373145775,1.181241803268667,Good
CUST00474,23,Female,Jaipur,Freelancer,1443294.0,930096,Home Loan,377.0,19,4079.37,Good,Defaulted,0.03391716448623773,0.6444258758090867,Poor
CUST00218,57,Female,Lucknow,Self-Employed,671082.0,2642806,Education Loan,431.0,7,31461.98,Delayed,Defaulted,0.5625896090194641,3.9381267862943723,Poor
CUST00912,23,Female,Mumbai,Business Owner,2095066.0,1236837,Home Loan,533.0,7,14724.25,Good,Rejected,0.08433672256625806,0.5903570579638064,Poor
CUST01228,39,Female,Hyderabad,Freelancer,680808.0,1164100,Car Loan,402.0,1,97008.33,Excellent,Defaulted,1.7098799661578594,1.7098800249115758,Poor
CUST01628,56,Female,Pune,Self-Employed,331184.0,3896300,Personal Loan,491.0,5,64938.33,Delayed,Defaulted,2.3529517126431228,11.764759167109522,Poor
CUST01012,26,Male,Chennai,Self-Employed,593574.0,2203548,Personal Loan,745.0,5,36725.8,Excellent,Approved,0.7424678304642724,3.712339152321362,Good
CUST01990,47,Female,Hyderabad,Salaried,2243321.0,4604770,Business Loan,580.0,13,29517.76,Delayed,Rejected,0.15789676109660633,2.052657644625981,Fair
CUST00094,56,Male,Ahmedabad,Salaried,1693293.0,3282452,Home Loan,356.0,10,27353.77,Good,Defaulted,0.19385023147204883,1.9385020784943894,Poor
CUST01009,36,Male,Delhi,Salaried,1436530.0,591529,Education Loan,515.0,16,3080.88,Delayed,Rejected,0.02573601665123596,0.4117762942646516,Poor
CUST01071,30,Female,Pune,Salaried,1399151.0,1396652,Car Loan,514.0,16,7274.23,Good,Rejected,0.06238837695145127,0.9982139168681579,Poor
CUST01093,45,Female,Chennai,Self-Employed,1990008.0,1098966,Personal Loan,839.0,3,30526.83,Good,Approved,0.18408064691197223,0.5522420010371818,Excellent
CUST01617,37,Male,Kolkata,Salaried,2209606.0,4847927,Education Loan,395.0,9,44888.21,Good,Defaulted,0.24378034817066935,2.194023278358223,Poor
CUST01309,33,Male,Delhi,Business Owner,1357588.5,1767787,Home Loan,368.0,10,14731.56,Missed,Defaulted,0.13021524563591988,1.302152309039153,Poor
CUST00697,25,Female,Kolkata,Salaried,629332.0,347883,Personal Loan,670.0,5,5798.05,Missed,Defaulted,0.11055627236498383,0.5527813618249191,Good
CUST01831,33,Female,Chennai,Salaried,1189336.0,4525715,Car Loan,545.0,12,31428.58,Excellent,Rejected,0.31710379573139974,3.8052451115580457,Poor
CUST00997,25,Female,Hyderabad,Self-Employed,1353824.0,3071786,Business Loan,833.0,7,36568.88,Missed,Defaulted,0.32413855863095936,2.268969969508592,Excellent
CUST01459,32,Male,Bangalore,Salaried,589770.0,2846749,Personal Loan,580.0,5,47445.82,Good,Rejected,0.9653760618546212,4.826879970157858,Fair
CUST00154,41,Male,Pune,Self-Employed,2182243.0,1517172,Business Loan,652.0,4,31607.75,Excellent,Approved,0.17380878298154698,0.6952351319261879,Good
CUST01100,42,Female,Mumbai,Freelancer,1678768.0,2418417,Business Loan,547.0,11,18321.34,Missed,Defaulted,0.13096275363838245,1.4405903615031976,Poor
CUST01753,50,Female,Delhi,Salaried,2350205.0,2503894,Car Loan,765.0,1,208657.83,Delayed,Approved,1.065393852876664,1.0653938698964558,Excellent
CUST00790,30,Female,Lucknow,Business Owner,485711.0,4421272,Business Loan,596.0,17,21672.9,Excellent,Defaulted,0.5354517398205929,9.102680400485061,Fair
CUST00581,60,Female,Bangalore,Self-Employed,888725.0,735503,Home Loan,673.0,1,61291.92,Delayed,Approved,0.8275935075529551,0.8275934625446567,Good
CUST01471,36,Male,Mumbai,Business Owner,1974029.0,1980873,Business Loan,518.0,9,18341.42,Excellent,Rejected,0.11149635592992807,1.0034670210012113,Poor
CUST00704,29,Male,Bangalore,Freelancer,1424744.0,4141373,Car Loan,594.0,4,86278.6,Delayed,Rejected,0.7266871802934423,2.9067488615498642,Fair
CUST01213,61,Male,Kolkata,Business Owner,1788236.0,1497307,Business Loan,891.0,13,9598.12,Good,Approved,0.06440841141773233,0.8373095050094059,Excellent
CUST01296,46,Female,Bangalore,Salaried,1647947.0,2389189,Business Loan,374.0,7,28442.73,Delayed,Defaulted,0.20711391810537597,1.4497972325566295,Poor
CUST01261,47,Female,Mumbai,Freelancer,1217481.0,4638599,Business Loan,352.0,11,35140.9,Missed,Defaulted,0.3463633518716104,3.809997034861324,Poor
CUST00488,32,Female,Lucknow,Self-Employed,381360.0,2533502,Car Loan,675.0,11,19193.2,Missed,Defaulted,0.6039395846444305,6.643334382211034,Good
CUST00560,61,Female,Mumbai,Self-Employed,2214410.0,2350269,Personal Loan,831.0,14,13989.7,Delayed,Approved,0.07581089319502712,1.061352233777846,Excellent
CUST01142,54,Male,Mumbai,Salaried,1087516.0,3928551,Car Loan,504.0,13,25183.02,Delayed,Rejected,0.2778775116871844,3.612407541590193,Poor
CUST01120,51,Female,Jaipur,Salaried,1006242.0,4907018,Business Loan,301.0,1,408918.17,Excellent,Defaulted,4.876578437393788,4.876578397641919,Poor
CUST00802,43,Male,Lucknow,Self-Employed,1720943.0,633510,Car Loan,301.0,3,17597.5,Good,Defaulted,0.12270598154616394,0.3681179446384918,Poor
CUST00513,62,Male,Bangalore,Freelancer,2380521.0,3605912,Home Loan,561.0,1,300492.67,Missed,Rejected,1.5147575005639522,1.514757483760908,Fair
CUST00634,57,Female,Jaipur,Salaried,1428807.0,3100999,Education Loan,594.0,1,258416.58,Excellent,Defaulted,2.170341382705992,2.170341410701375,Fair
CUST01510,64,Female,Lucknow,Freelancer,1767399.0,3506537,Education Loan,479.0,6,48701.9,Missed,Defaulted,0.3306682871270155,1.9840098359227316,Poor
CUST01825,23,Male,Ahmedabad,Freelancer,1907542.0,4904487,Home Loan,899.0,10,40870.72,Excellent,Approved,0.2571102707043934,2.571103021584846,Excellent
CUST01577,50,Female,Lucknow,Salaried,2322827.0,2385071,Car Loan,435.0,6,33125.99,Excellent,Defaulted,0.17113279637269585,1.0267966576934056,Poor
CUST01151,45,Female,Kolkata,Freelancer,654418.0,2343673,Home Loan,515.0,6,32551.01,Good,Rejected,0.5968847433903102,3.581308888202953,Poor
CUST00791,47,Male,Bangalore,Salaried,1283868.0,4979426,Home Loan,477.0,12,34579.35,Delayed,Defaulted,0.32320472198076433,3.878456352210663,Poor
CUST00117,58,Female,Chennai,Salaried,693948.0,2348756,Education Loan,553.0,7,27961.38,Delayed,Rejected,0.4835183039651386,3.3846282430383834,Fair
CUST01498,48,Male,Chennai,Freelancer,1930992.0,4352096,Business Loan,516.0,12,30222.89,Excellent,Rejected,0.18781780556315095,2.253813583898846,Poor
CUST00741,25,Female,Mumbai,Freelancer,1823154.0,2002026,Education Loan,424.0,18,9268.64,Delayed,Defaulted,0.0610061903711919,1.0981112950414502,Poor
CUST01082,28,Male,Mumbai,Salaried,381948.0,1360015,Personal Loan,801.0,4,28333.65,Missed,Defaulted,0.8901834804737819,3.560733398263638,Excellent
CUST00831,34,Male,Hyderabad,Salaried,479713.0,4377552,Business Loan,733.0,14,26056.86,Excellent,Defaulted,0.6518112287972183,9.125356202562783,Good
CUST00120,22,Female,Pune,Salaried,980641.0,4651731,Business Loan,843.0,19,20402.33,Good,Rejected,0.2496611502068545,4.743561609192355,Excellent
CUST00657,31,Female,Ahmedabad,Self-Employed,2068388.0,2412460,Business Loan,488.0,18,11168.8,Excellent,Defaulted,0.06479712703806055,1.1663478999104617,Poor
CUST01948,27,Female,Lucknow,Self-Employed,1325424.0,2236394,Education Loan,670.0,16,11647.89,Missed,Defaulted,0.10545657842320645,1.6873045908328204,Good
CUST00636,29,Male,Chennai,Self-Employed,1169211.0,3101622,Personal Loan,365.0,10,25846.85,Delayed,Defaulted,0.26527478786976855,2.652747878697686,Poor
CUST00370,46,Female,Jaipur,Business Owner,2073722.0,2964611,Education Loan,672.0,15,16470.06,Missed,Defaulted,0.09530723983253302,1.429608693932938,Good
CUST00269,46,Female,Jaipur,Freelancer,1885996.0,755356,Personal Loan,664.0,1,62946.33,Delayed,Approved,0.4005077211192388,0.4005077423281916,Good
CUST00656,23,Female,Bangalore,Self-Employed,1968967.0,626515,Business Loan,529.0,17,3071.15,Delayed,Rejected,0.018717327410769202,0.3181947691352877,Poor
CUST00936,56,Female,Kolkata,Freelancer,2135135.0,4063582,Home Loan,330.0,18,18812.88,Excellent,Defaulted,0.10573315504640221,1.9031967533668832,Poor
CUST00823,31,Female,Ahmedabad,Business Owner,288668.0,4900825,Business Loan,671.0,15,27226.81,Missed,Defaulted,1.1318252109690026,16.977375393185252,Good
CUST00867,61,Male,Bangalore,Salaried,1055080.0,1468060,Car Loan,636.0,7,17476.9,Delayed,Rejected,0.198774310952724,1.3914205557872388,Fair
CUST00047,49,Female,Chennai,Self-Employed,1194170.0,2494975,Business Loan,597.0,17,12230.27,Good,Rejected,0.12289978813736736,2.0892963313431085,Fair
CUST01374,39,Male,Delhi,Self-Employed,1307810.0,4114610,Home Loan,306.0,19,18046.54,Good,Defaulted,0.16558864055176212,3.146183314089967,Poor
CUST01743,32,Male,Hyderabad,Self-Employed,1089855.0,4358307,Personal Loan,492.0,15,24212.82,Missed,Defaulted,0.26659862091746145,3.998978763229971,Poor
CUST00992,59,Male,Pune,Self-Employed,1353824.0,319515,Business Loan,823.0,18,1479.24,Good,Approved,0.013111660008981965,0.23600925969697686,Excellent
CUST00877,25,Male,Delhi,Salaried,2015111.0,735338,Personal Loan,308.0,2,30639.08,Good,Defaulted,0.18245593418923325,0.3649119080785128,Poor
CUST00774,26,Male,Delhi,Salaried,1416593.0,2368620,Business Loan,839.0,12,16448.75,Excellent,Approved,0.13933783380265186,1.6720540056318223,Excellent
CUST01220,25,Male,Chennai,Self-Employed,1061789.0,3671420,Home Loan,527.0,12,25495.97,Good,Rejected,0.28814730610319,3.457767974616426,Poor
CUST00005,29,Male,Chennai,Freelancer,2199254.0,847057,Car Loan,821.0,8,8823.51,Excellent,Approved,0.048144561746846885,0.38515651216276064,Excellent
CUST01004,59,Male,Chennai,Salaried,333004.0,563066,Car Loan,721.0,14,3351.58,Excellent,Rejected,0.1207762068924097,1.6908685781552173,Good
CUST01759,43,Female,Pune,Business Owner,758685.0,1672563,Education Loan,452.0,8,17422.53,Missed,Defaulted,0.2755693865042804,2.2045552502026533,Poor
CUST00264,61,Male,Kolkata,Freelancer,860902.0,3689688,Home Loan,505.0,14,21962.43,Excellent,Rejected,0.30613142959361234,4.285839735533196,Poor
CUST01601,36,Male,Pune,Self-Employed,1610023.0,1379785,Business Loan,695.0,16,7186.38,Excellent,Rejected,0.053562315569404904,0.8569970739548441,Good
CUST01869,47,Male,Pune,Freelancer,1391855.0,2007792,Personal Loan,342.0,14,11951.14,Missed,Defaulted,0.10303780206989951,1.442529573842103,Poor
CUST00444,53,Female,Ahmedabad,Business Owner,482017.0,2476105,Business Loan,387.0,17,12137.77,Delayed,Defaulted,0.3021744876218059,5.13696612360145,Poor
CUST01003,54,Male,Jaipur,Business Owner,202352.0,1553061,Personal Loan,850.0,7,18488.82,Excellent,Defaulted,1.0964351229540603,7.675046453704436,Excellent
CUST01078,47,Female,Pune,Salaried,1813374.0,2743695,Car Loan,633.0,14,16331.52,Missed,Defaulted,0.10807381157996089,1.513033163594493,Fair
CUST00838,39,Female,Delhi,Business Owner,2284504.0,1110560,Car Loan,338.0,12,7712.22,Good,Defaulted,0.040510605365541054,0.48612740446066194,Poor
CUST01828,26,Female,Delhi,Freelancer,1374846.0,3430575,Personal Loan,350.0,18,15882.29,Good,Defaulted,0.1386246023190961,2.4952431035912386,Poor
CUST00305,40,Male,Lucknow,Self-Employed,1638454.0,789574,Education Loan,783.0,5,13159.57,Good,Approved,0.09638039273607925,0.48190184161410693,Excellent
CUST01366,44,Female,Delhi,Salaried,1117996.0,2067528,Car Loan,653.0,3,57431.33,Missed,Defaulted,0.6164386634657011,1.8493160977320133,Good
CUST01589,32,Female,Bangalore,Salaried,1743586.0,1414359,Home Loan,507.0,12,9821.94,Good,Rejected,0.06759820278437656,0.8111782269414872,Poor
CUST00314,62,Male,Pune,Self-Employed,2360682.0,669696,Car Loan,370.0,19,2937.26,Excellent,Defaulted,0.014930905560342309,0.28368751064311076,Poor
CUST00150,63,Male,Pune,Self-Employed,577844.0,970759,Car Loan,708.0,9,8988.51,Missed,Defaulted,0.18666304400495634,1.6799672575989368,Good
CUST01149,22,Female,Delhi,Self-Employed,2201676.0,3176813,Car Loan,460.0,2,132367.21,Excellent,Defaulted,0.721453347359012,1.4429066765500465,Poor
CUST01214,23,Male,Pune,Business Owner,1016228.0,3796962,Car Loan,306.0,13,24339.5,Good,Defaulted,0.28740991194889337,3.7363288553356138,Poor
CUST00575,46,Male,Chennai,Freelancer,1598616.0,1221248,Education Loan,348.0,4,25442.67,Missed,Defaulted,0.19098522722154662,0.7639408087996117,Poor
CUST00051,35,Female,Chennai,Freelancer,1992725.0,2499308,Business Loan,479.0,11,18934.15,Good,Defaulted,0.11401964646401286,1.2542162114692192,Poor
CUST01584,32,Female,Kolkata,Salaried,2427039.0,4399025,Personal Loan,776.0,11,33325.95,Delayed,Rejected,0.16477337199773057,1.8125069271651588,Excellent
CUST00727,39,Female,Kolkata,Self-Employed,312782.0,3518282,Home Loan,515.0,10,29319.02,Delayed,Defaulted,1.124835316610291,11.24835188725694,Poor
CUST00834,25,Male,Pune,Business Owner,2097832.0,2521321,Car Loan,365.0,1,210110.08,Missed,Defaulted,1.2018698160767878,1.2018698351440915,Poor
CUST01378,23,Male,Jaipur,Business Owner,1075512.0,4841164,Personal Loan,810.0,11,36675.48,Good,Rejected,0.40920581081382634,4.501264514017509,Excellent
CUST01116,53,Male,Bangalore,Self-Employed,1353824.0,956395,Personal Loan,642.0,16,4981.22,Good,Approved,0.0441524452218309,0.706439684922117,Fair
CUST01167,25,Male,Lucknow,Self-Employed,1479180.0,2939190,Car Loan,513.0,14,17495.18,Excellent,Rejected,0.1419314485052529,1.9870401168214822,Poor
CUST00471,34,Female,Delhi,Salaried,498871.0,1033667,Home Loan,478.0,2,43069.46,Delayed,Defaulted,1.0360063423209607,2.0720126044608724,Poor
CUST00972,54,Male,Kolkata,Business Owner,815863.0,1889050,Car Loan,563.0,8,19677.6,Delayed,Rejected,0.2894250627862766,2.3154009925686054,Fair
CUST00654,26,Male,Mumbai,Freelancer,2160155.0,3556172,Car Loan,557.0,18,16463.76,Missed,Defaulted,0.09145877031972242,1.6462577916862446,Fair
CUST00400,30,Male,Pune,Self-Employed,1952844.0,2685122,Business Loan,732.0,10,22376.02,Good,Approved,0.13749804899930562,1.374980285163587,Good
CUST00512,56,Female,Jaipur,Salaried,2227410.0,4748981,Education Loan,440.0,18,21986.02,Missed,Defaulted,0.11844799116462618,2.132064146250578,Poor
CUST00321,42,Male,Lucknow,Business Owner,1821219.0,2381348,Education Loan,671.0,9,22049.52,Excellent,Rejected,0.145284142104821,1.3075571910901436,Good
CUST00020,51,Female,Pune,Self-Employed,344539.0,1907596,Education Loan,434.0,7,22709.48,Delayed,Defaulted,0.7909518516046079,5.536662032454961,Poor
CUST00685,44,Male,Chennai,Self-Employed,1410578.0,1677650,Car Loan,448.0,11,12709.47,Good,Defaulted,0.10812138003003023,1.1893351519731628,Poor
CUST00036,42,Male,Jaipur,Self-Employed,2083376.0,3080555,Personal Loan,862.0,1,256712.92,Delayed,Rejected,1.4786361367319198,1.4786361175323128,Excellent
CUST00903,34,Female,Chennai,Salaried,1061069.0,4494041,Home Loan,761.0,18,20805.75,Missed,Defaulted,0.23529949513179632,4.235389969926556,Excellent
CUST01816,60,Male,Pune,Self-Employed,837787.0,4919236,Home Loan,322.0,12,34161.36,Excellent,Defaulted,0.48930852352686305,5.871702473301687,Poor
CUST00828,47,Female,Bangalore,Business Owner,470914.0,1581181,Business Loan,591.0,17,7750.89,Excellent,Rejected,0.1975109680323796,3.3576852673736606,Fair
CUST01835,32,Female,Jaipur,Business Owner,1834925.0,4295871,Personal Loan,601.0,14,25570.66,Excellent,Rejected,0.1672264097987656,2.341169802580487,Fair
CUST00408,22,Male,Ahmedabad,Salaried,1830668.0,4515669,Business Loan,326.0,18,20905.88,Excellent,Defaulted,0.13703771519467212,2.466678283555511,Poor
CUST00921,30,Male,Kolkata,Freelancer,1391855.0,4826415,Personal Loan,552.0,5,80440.25,Missed,Defaulted,0.6935226729795848,3.467613364897924,Fair
CUST00538,57,Male,Lucknow,Freelancer,2445239.0,689872,Home Loan,419.0,2,28744.67,Excellent,Defaulted,0.1410643458573988,0.28212865899815925,Poor
CUST00759,32,Female,Jaipur,Salaried,439017.0,2262809,Education Loan,508.0,11,17142.49,Delayed,Rejected,0.4685692809162288,5.154262818979675,Poor
CUST01945,25,Male,Bangalore,Freelancer,1455715.0,3527983,Home Loan,306.0,3,97999.53,Excellent,Defaulted,0.807846563372638,2.4235396351621024,Poor
CUST01063,42,Female,Bangalore,Business Owner,760881.0,3855721,Personal Loan,473.0,5,64262.02,Excellent,Defaulted,1.0134886269994914,5.067442872144264,Poor
CUST01200,55,Male,Chennai,Salaried,1640434.0,2224758,Home Loan,316.0,19,9757.71,Excellent,Defaulted,0.07137898873103093,1.356200859040961,Poor
CUST00246,33,Male,Pune,Salaried,689626.0,1511312,Business Loan,887.0,16,7871.42,Delayed,Approved,0.1369685017676248,2.19149510024274,Excellent
CUST01417,64,Female,Lucknow,Freelancer,351094.0,945596,Personal Loan,583.0,9,8755.52,Good,Rejected,0.2992538750306186,2.6932844195571555,Fair
CUST01128,49,Male,Lucknow,Business Owner,1725842.0,2359608,Personal Loan,616.0,19,10349.16,Missed,Defaulted,0.0719590321709635,1.3672213331231944,Fair
CUST00785,47,Female,Kolkata,Salaried,1429787.0,1880314,Home Loan,696.0,5,31338.57,Excellent,Rejected,0.26302018412532774,1.3151007807456636,Good
CUST01779,49,Female,Mumbai,Business Owner,1483440.0,2960086,Home Loan,772.0,19,12982.83,Missed,Defaulted,0.10502208380520951,1.9954201046216902,Excellent
CUST00490,57,Male,Delhi,Business Owner,1491210.0,1701348,Car Loan,437.0,19,7462.05,Missed,Defaulted,0.060048282938016784,1.1409177781801356,Poor
CUST00155,51,Male,Kolkata,Self-Employed,1892128.0,1908997,Personal Loan,820.0,3,53027.69,Missed,Defaulted,0.3363050914103063,1.0089153587917943,Excellent
CUST00962,61,Female,Chennai,Business Owner,988443.0,283979,Personal Loan,653.0,16,1479.06,Excellent,Approved,0.017956240268786366,0.28729931822067634,Good
CUST00854,43,Male,Lucknow,Business Owner,949971.0,3935850,Car Loan,813.0,13,25229.81,Delayed,Rejected,0.3187020656420038,4.143126474387113,Excellent
CUST01312,40,Male,Kolkata,Salaried,1806734.0,2817257,Car Loan,670.0,8,29346.43,Delayed,Approved,0.1949136729590521,1.5593092286966426,Good
CUST00626,37,Female,Ahmedabad,Freelancer,643945.0,161362,Education Loan,671.0,16,840.43,Missed,Defaulted,0.01566152388790968,0.25058351256706707,Good
CUST00686,58,Female,Jaipur,Business Owner,2196170.0,106635,Business Loan,737.0,16,555.39,Excellent,Rejected,0.003034683107409718,0.04855498435913431,Good
CUST01593,55,Female,Kolkata,Business Owner,1861655.0,4503325,Personal Loan,465.0,4,93819.27,Missed,Defaulted,0.6047475176657329,2.41899009214919,Poor
CUST00570,29,Female,Hyderabad,Self-Employed,451924.0,4867911,Home Loan,465.0,15,27043.95,Good,Defaulted,0.7181017162177712,10.771525743266567,Poor
CUST01949,55,Female,Jaipur,Salaried,1416593.0,1097146,Personal Loan,848.0,9,10158.76,Excellent,Approved,0.08605514780886253,0.774496273806238,Excellent
CUST00018,23,Male,Hyderabad,Business Owner,948013.0,234514,Car Loan,594.0,10,1954.28,Missed,Defaulted,0.024737382293280787,0.24737424486795012,Fair
CUST00128,36,Female,Jaipur,Freelancer,2422134.0,4788202,Home Loan,661.0,19,21000.89,Missed,Defaulted,0.10404489594712761,1.9768526431650768,Good
CUST01347,39,Female,Bangalore,Freelancer,2316142.0,2123946,Business Loan,855.0,3,58998.5,Delayed,Approved,0.30567296823769874,0.9170189047130962,Excellent
CUST01280,64,Female,Hyderabad,Freelancer,1662099.0,2794686,Personal Loan,465.0,1,232890.5,Missed,Defaulted,1.6814196988266041,1.6814196988266041,Poor
CUST00928,52,Male,Ahmedabad,Business Owner,1397162.0,4174390,Personal Loan,440.0,9,38651.76,Delayed,Defaulted,0.33197375823276043,2.9877637668359145,Poor
CUST00981,28,Male,Delhi,Salaried,1451775.0,3290641,Personal Loan,851.0,16,17138.76,Excellent,Approved,0.14166459678669216,2.2666329148800606,Excellent
CUST00191,53,Female,Bangalore,Freelancer,1123160.0,691593,Home Loan,400.0,5,11526.55,Delayed,Defaulted,0.12315128743901134,0.6157564371950568,Poor
CUST01140,40,Male,Pune,Business Owner,2445846.0,623881,Education Loan,631.0,2,25995.04,Delayed,Rejected,0.12753888838463254,0.2550777931235245,Fair
CUST00993,54,Female,Kolkata,Salaried,2172424.0,1670179,Home Loan,371.0,18,7732.31,Good,Defaulted,0.042711606942291196,0.7688089433738533,Poor
CUST01996,36,Female,Delhi,Self-Employed,2153341.0,2700503,Home Loan,881.0,8,28130.24,Good,Approved,0.15676238923607547,1.2540990953128186,Excellent
CUST01690,49,Female,Ahmedabad,Business Owner,2185313.0,1533702,Personal Loan,508.0,18,7100.47,Missed,Defaulted,0.038990130933188975,0.701822576445571,Poor
CUST00607,32,Female,Chennai,Freelancer,997232.0,4616156,Personal Loan,864.0,4,96169.92,Missed,Defaulted,1.1572422866494456,4.628968986153674,Excellent
CUST00181,60,Female,Chennai,Business Owner,493894.0,3201478,Home Loan,520.0,3,88929.94,Missed,Defaulted,2.160705090565992,6.482115595654128,Poor
CUST00302,49,Male,Hyderabad,Salaried,752959.0,2417893,Business Loan,594.0,15,13432.74,Delayed,Defaulted,0.21407922609331984,3.211188125781085,Fair
CUST00497,45,Female,Bangalore,Self-Employed,2425198.0,191449,Personal Loan,835.0,4,3988.52,Good,Approved,0.01973539480075441,0.07894159569651632,Excellent
CUST01730,41,Male,Delhi,Business Owner,333498.0,1110538,Personal Loan,872.0,15,6169.66,Good,Approved,0.2219980929420866,3.329968995316314,Excellent
CUST01744,39,Male,Ahmedabad,Self-Employed,1614718.0,4494910,Personal Loan,829.0,5,74915.17,Good,Approved,0.5567424404756744,2.783712078517735,Excellent
CUST01695,53,Male,Kolkata,Self-Employed,2309512.0,3354860,Home Loan,628.0,16,17473.23,Missed,Defaulted,0.09078920568501052,1.4526272216814635,Fair
CUST01670,39,Male,Delhi,Self-Employed,850443.0,2446629,Personal Loan,893.0,19,10730.83,Delayed,Rejected,0.15141515657133986,2.8768876926495954,Excellent
CUST00518,43,Male,Pune,Freelancer,1536921.0,2259821,Home Loan,479.0,9,20924.27,Good,Defaulted,0.16337289945286712,1.4703559909715593,Poor
CUST01070,42,Male,Kolkata,Self-Employed,1431619.0,3738173,Personal Loan,363.0,10,31151.44,Excellent,Defaulted,0.2611150592441145,2.611150732143119,Poor
CUST00477,38,Female,Kolkata,Business Owner,643031.0,2764766,Education Loan,715.0,6,38399.53,Delayed,Rejected,0.7165974268736655,4.2995843124203965,Good
CUST00158,46,Male,Chennai,Salaried,2065690.0,1479290,Home Loan,611.0,11,11206.74,Good,Approved,0.0651021595689576,0.7161239101704515,Fair
CUST01244,48,Female,Bangalore,Business Owner,1830369.0,3909949,Car Loan,741.0,13,25063.78,Missed,Defaulted,0.1643195224569472,2.1361534204305253,Good
CUST01196,58,Female,Ahmedabad,Freelancer,2388370.0,137593,Business Loan,745.0,11,1042.37,Delayed,Approved,0.0052372287375909085,0.057609583104795324,Good
CUST00017,43,Female,Chennai,Self-Employed,905475.0,1725502,Personal Loan,777.0,18,7988.44,Good,Approved,0.10586849995858527,1.905631850686104,Excellent
CUST01536,23,Male,Kolkata,Salaried,1620858.0,2919530,Car Loan,644.0,19,12804.96,Delayed,Approved,0.09480134595380964,1.8012250302000545,Fair
CUST01073,31,Female,Jaipur,Self-Employed,2117043.0,2030407,Business Loan,842.0,15,11280.04,Excellent,Approved,0.0639384651138404,0.9590768822362135,Excellent
CUST00547,56,Female,Bangalore,Freelancer,1344620.0,3433973,Business Loan,822.0,5,57232.88,Missed,Defaulted,0.5107722330472549,2.5538613139771833,Excellent
CUST01540,62,Male,Lucknow,Freelancer,1613562.0,1173270,Car Loan,714.0,19,5145.92,Good,Rejected,0.03827001379556534,0.7271304108549904,Good
CUST00659,26,Male,Mumbai,Freelancer,479215.0,2100053,Home Loan,309.0,14,12500.32,Delayed,Defaulted,0.3130199179908809,4.382277265945348,Poor
CUST01657,30,Male,Pune,Freelancer,2386268.0,2193184,Home Loan,742.0,19,9619.23,Good,Rejected,0.04837292374536305,0.919085366773556,Good
CUST01020,57,Male,Hyderabad,Self-Employed,1353824.0,1285382,Home Loan,862.0,1,107115.17,Missed,Defaulted,0.9494454522892193,0.9494454227432813,Excellent
CUST01756,27,Male,Mumbai,Business Owner,1357588.5,3333737,Business Loan,738.0,17,16341.85,Excellent,Defaulted,0.14444892542917093,2.455631437655814,Good
CUST01505,61,Female,Delhi,Freelancer,1391855.0,3914860,Car Loan,659.0,14,23302.74,Excellent,Approved,0.20090661742782115,2.8126924140804896,Good
CUST00960,29,Male,Chennai,Self-Employed,1551099.0,1133329,Personal Loan,749.0,4,23611.02,Good,Approved,0.18266547783216933,0.7306619371168442,Good
CUST01922,40,Male,Kolkata,Business Owner,1115480.0,763806,Car Loan,405.0,19,3350.03,Good,Defaulted,0.03603862014558755,0.684733029727113,Poor
CUST00284,29,Female,Bangalore,Self-Employed,425019.0,4353677,Home Loan,821.0,4,90701.6,Missed,Defaulted,2.5608718669047743,10.243487938186293,Excellent
CUST00798,22,Female,Bangalore,Self-Employed,622381.0,577409,Business Loan,837.0,3,16039.14,Excellent,Approved,0.3092473581295059,0.9277420101192035,Excellent
CUST01658,59,Female,Chennai,Freelancer,451671.0,554910,Personal Loan,614.0,2,23121.25,Good,Rejected,0.6142856193999615,1.228571238799923,Fair
CUST00226,62,Male,Ahmedabad,Freelancer,1733854.0,1929262,Education Loan,594.0,13,12367.06,Excellent,Approved,0.08559239705303907,1.1127015308093993,Fair
CUST00027,46,Male,Mumbai,Freelancer,286365.0,2139934,Education Loan,385.0,10,17832.78,Delayed,Defaulted,0.7472748415483735,7.472749812302481,Poor
CUST01808,35,Female,Pune,Salaried,2310413.0,98639,Home Loan,502.0,18,456.66,Excellent,Rejected,0.0023718356847888234,0.042693232768340555,Poor
CUST00438,26,Female,Bangalore,Freelancer,1267609.0,3581674,Education Loan,458.0,13,22959.45,Good,Defaulted,0.21734888281796677,2.825535318856209,Poor
CUST01989,50,Male,Mumbai,Freelancer,758981.0,4639764,Business Loan,535.0,19,20349.84,Delayed,Defaulted,0.321744655004539,6.113149077513139,Poor
CUST01389,60,Male,Hyderabad,Self-Employed,496208.0,193704,Education Loan,549.0,11,1467.45,Delayed,Rejected,0.035487940541063426,0.3903685551220456,Poor
CUST00230,39,Female,Kolkata,Self-Employed,1450632.0,2749134,Education Loan,859.0,16,14318.41,Missed,Defaulted,0.11844556027993315,1.8951284681435403,Excellent
CUST00038,60,Male,Ahmedabad,Self-Employed,832259.0,4772340,Car Loan,419.0,1,397695.0,Good,Defaulted,5.734200531324984,5.734200531324984,Poor
CUST00750,27,Female,Mumbai,Freelancer,1221469.0,4683662,Personal Loan,898.0,16,24394.07,Missed,Defaulted,0.23965310621882338,3.8344501579655317,Excellent
CUST01046,25,Male,Hyderabad,Salaried,594423.0,1084104,Home Loan,751.0,17,5314.24,Excellent,Approved,0.10728198606043171,1.823792148015807,Excellent
CUST01399,22,Female,Mumbai,Business Owner,1088403.0,1336188,Home Loan,820.0,18,6186.06,Missed,Defaulted,0.06820334012309778,1.2276592401895254,Excellent
CUST00470,50,Female,Ahmedabad,Freelancer,686275.0,3791104,Personal Loan,613.0,1,315925.33,Excellent,Rejected,5.524176110159921,5.524176168445594,Fair
CUST01727,29,Male,Chennai,Business Owner,1561236.0,2251279,Education Loan,528.0,1,187606.58,Good,Rejected,1.441985042620078,1.4419850682408042,Poor
CUST00688,31,Female,Mumbai,Salaried,1416593.0,2393136,Car Loan,389.0,17,11731.06,Missed,Defaulted,0.09937414627913593,1.6893603173247362,Poor
CUST01882,64,Male,Chennai,Salaried,693814.0,2811856,Personal Loan,623.0,16,14645.08,Excellent,Rejected,0.25329693548991516,4.052751890276069,Fair
CUST00640,62,Female,Hyderabad,Self-Employed,614600.0,2383647,Personal Loan,422.0,19,10454.59,Excellent,Defaulted,0.2041247640741946,3.878371298405467,Poor
CUST01747,33,Female,Bangalore,Business Owner,1482116.0,736290,Education Loan,438.0,5,12271.5,Good,Defaulted,0.09935659557011732,0.4967829778505866,Poor
CUST01219,64,Male,Lucknow,Salaried,1883886.0,1848594,Home Loan,320.0,4,38512.38,Good,Defaulted,0.24531662743923993,0.9812663823607161,Poor
CUST01159,55,Female,Kolkata,Business Owner,1798099.0,476888,Home Loan,471.0,11,3612.79,Delayed,Defaulted,0.024110730276809007,0.2652178773248859,Poor
CUST01416,58,Male,Kolkata,Salaried,1857153.0,3948888,Education Loan,446.0,10,32907.4,Missed,Defaulted,0.21263126947537442,2.126312694753744,Poor
CUST01528,39,Female,Lucknow,Freelancer,417583.0,1059260,Business Loan,531.0,19,4645.88,Missed,Defaulted,0.13350773379184497,2.536645409415613,Poor
CUST01301,51,Male,Ahmedabad,Self-Employed,876296.0,1466693,Business Loan,510.0,9,13580.49,Missed,Defaulted,0.18597126998183264,1.6737415211298465,Poor
CUST01861,36,Female,Lucknow,Self-Employed,363187.0,188925,Business Loan,356.0,16,983.98,Good,Defaulted,0.032511516106028024,0.5201865705545629,Poor
CUST00801,36,Female,Kolkata,Freelancer,905860.0,337635,Personal Loan,594.0,3,9378.75,Delayed,Approved,0.12424105270130043,0.3727231581039013,Fair
CUST01604,32,Male,Mumbai,Business Owner,497675.0,4333664,Education Loan,523.0,17,21243.45,Excellent,Defaulted,0.5122246445973778,8.707819360024112,Poor
CUST00161,22,Male,Delhi,Freelancer,2335219.0,1449769,Personal Loan,781.0,12,10067.84,Good,Approved,0.05173565305866388,0.620827853832981,Excellent
CUST00957,46,Female,Pune,Business Owner,1726318.0,4654229,Education Loan,497.0,1,387852.42,Missed,Defaulted,2.6960438575048165,2.6960438343341147,Poor
CUST01187,41,Male,Bangalore,Self-Employed,280811.0,471773,Car Loan,594.0,14,2808.17,Missed,Defaulted,0.12000256400212243,1.6800374629199,Fair
CUST00822,49,Female,Bangalore,Business Owner,1750184.0,4491971,Car Loan,408.0,9,41592.32,Excellent,Defaulted,0.2851744959387127,2.566570714850553,Poor
CUST01786,57,Female,Ahmedabad,Salaried,1247380.0,347542,Car Loan,857.0,9,3217.98,Missed,Defaulted,0.030957494909329957,0.2786175824528211,Excellent
CUST00878,36,Male,Lucknow,Salaried,1851143.0,3552415,Home Loan,873.0,5,59206.92,Good,Approved,0.38380775553266283,1.919038669621958,Excellent
CUST00914,61,Male,Mumbai,Freelancer,361445.0,2485919,Car Loan,588.0,19,10903.15,Excellent,Defaulted,0.36198536430162265,6.877724135068959,Fair
CUST00153,49,Female,Delhi,Self-Employed,318413.0,2263697,Education Loan,555.0,10,18864.14,Delayed,Defaulted,0.7109310235448929,7.109310863563987,Fair
CUST01875,26,Male,Lucknow,Salaried,1599757.0,4200579,Education Loan,766.0,12,29170.69,Good,Approved,0.21881340728623158,2.625760662400602,Excellent
CUST00510,44,Female,Jaipur,Self-Employed,1726322.0,1643786,Personal Loan,760.0,8,17122.77,Good,Approved,0.11902370473179395,0.9521896841956483,Excellent
CUST01136,24,Female,Chennai,Self-Employed,2474316.0,1194337,Business Loan,312.0,10,9952.81,Missed,Defaulted,0.04826938838854859,0.48269380305506654,Poor
CUST01251,28,Male,Chennai,Self-Employed,2093291.0,1212180,Personal Loan,587.0,3,33671.67,Good,Rejected,0.19302621565754594,0.5790785896466377,Fair
CUST01698,54,Male,Hyderabad,Salaried,1770234.0,711440,Home Loan,746.0,3,19762.22,Excellent,Approved,0.1339634421212111,0.4018903715553989,Good
CUST00104,33,Male,Jaipur,Business Owner,603322.0,1620889,Car Loan,549.0,18,7504.12,Missed,Defaulted,0.14925601917384085,2.6866068202386124,Poor
CUST01446,38,Male,Chennai,Business Owner,1928665.0,4785524,Business Loan,809.0,5,79758.73,Good,Approved,0.49625246478781954,2.48126242763777,Excellent
CUST01444,56,Male,Mumbai,Business Owner,906673.0,1111516,Personal Loan,799.0,4,23156.58,Delayed,Approved,0.30648200619186855,1.2259282012368296,Excellent
CUST01775,45,Female,Kolkata,Business Owner,282409.0,2472952,Business Loan,712.0,9,22897.7,Missed,Defaulted,0.9729590770832375,8.756633110134592,Good
CUST00587,24,Female,Lucknow,Business Owner,245232.0,441180,Personal Loan,381.0,11,3342.27,Missed,Defaulted,0.16354815032295947,1.7990311215502055,Poor
CUST01806,44,Male,Lucknow,Freelancer,493851.0,1237030,Education Loan,356.0,8,12885.73,Delayed,Defaulted,0.31310812370532815,2.504864827650445,Poor
CUST01144,49,Male,Lucknow,Business Owner,2063462.0,3351394,Personal Loan,594.0,18,15515.71,Excellent,Approved,0.09023113582900968,1.6241607550805395,Fair
CUST00054,61,Female,Hyderabad,Self-Employed,2007992.0,3298204,Business Loan,356.0,17,16167.67,Good,Defaulted,0.09661992677261663,1.642538416487715,Poor
CUST00152,49,Male,Kolkata,Self-Employed,734003.0,3298140,Education Loan,656.0,9,30538.33,Excellent,Rejected,0.49926221009995875,4.493360381360839,Good
CUST00404,55,Male,Jaipur,Self-Employed,1928794.0,3516689,Education Loan,678.0,17,17238.67,Excellent,Approved,0.10725045805824779,1.8232579528969917,Good
CUST01983,42,Male,Chennai,Salaried,1106450.0,1746609,Business Loan,594.0,1,145550.75,Excellent,Approved,1.578570201997379,1.578570201997379,Fair
CUST00208,43,Female,Bangalore,Business Owner,207967.0,3888187,Personal Loan,812.0,13,24924.28,Delayed,Defaulted,1.4381674015589012,18.69617295051619,Excellent
CUST01935,46,Female,Jaipur,Salaried,2269441.0,399317,Home Loan,467.0,7,4753.77,Good,Defaulted,0.025136251614384337,0.17595390230457633,Poor
CUST01123,40,Male,Ahmedabad,Freelancer,2014188.0,2357600,Education Loan,357.0,14,14033.33,Excellent,Defaulted,0.08360687284404435,1.1704964978442927,Poor
CUST01787,23,Male,Bangalore,Freelancer,1087553.0,2576297,Business Loan,412.0,7,30670.2,Delayed,Defaulted,0.33841330031731787,2.3688932861203087,Poor
CUST00009,44,Female,Mumbai,Salaried,1566808.0,2986537,Personal Loan,307.0,16,15554.88,Delayed,Defaulted,0.11913301438338328,1.9061282556637444,Poor
CUST01015,33,Male,Kolkata,Self-Employed,2454103.0,456547,Personal Loan,449.0,5,7609.12,Excellent,Defaulted,0.03720684910128059,0.18603416401023104,Poor
CUST01834,52,Male,Mumbai,Salaried,1166020.0,466561,Education Loan,615.0,9,4320.01,Excellent,Approved,0.04445903157750296,0.4001312155880688,Fair
CUST01061,22,Female,Hyderabad,Self-Employed,1353824.0,2449771,Personal Loan,438.0,7,29163.94,Delayed,Defaulted,0.2585027891365495,1.8095195535017845,Poor
CUST00453,53,Female,Chennai,Self-Employed,742601.0,4358080,Personal Loan,679.0,10,36317.33,Excellent,Rejected,0.5868669177660683,5.86866971630795,Good
CUST01676,54,Female,Lucknow,Salaried,1598949.0,1679618,Personal Loan,561.0,11,12724.38,Missed,Defaulted,0.09549557865823112,1.0504512651748117,Fair
CUST00254,37,Female,Hyderabad,Business Owner,2490870.0,1753820,Home Loan,450.0,18,8119.54,Good,Defaulted,0.039116645991159715,0.704099370902536,Poor
CUST01328,62,Female,Mumbai,Business Owner,2410840.0,3750357,Home Loan,779.0,8,39066.22,Good,Approved,0.1944528214232384,1.555622521610725,Excellent
CUST00897,47,Female,Pune,Salaried,637625.0,2623697,Business Loan,554.0,3,72880.47,Excellent,Rejected,1.371598729660851,4.114796314448148,Fair
CUST01770,28,Male,Kolkata,Freelancer,2036022.0,1732978,Business Loan,527.0,7,20630.69,Good,Rejected,0.1215941085115976,0.8511587792273364,Poor
CUST00881,59,Female,Jaipur,Business Owner,1749420.0,4882577,Education Loan,761.0,6,67813.57,Good,Approved,0.4651615049559283,2.790969006870849,Excellent
CUST01596,38,Male,Bangalore,Freelancer,2484408.0,4702124,Business Loan,743.0,19,20623.35,Missed,Defaulted,0.09961334853212515,1.8926537026124532,Good
CUST01929,49,Male,Bangalore,Freelancer,1537768.0,403791,Home Loan,409.0,5,6729.85,Delayed,Defaulted,0.05251650444020165,0.2625825222010082,Poor
CUST00624,31,Male,Pune,Business Owner,374023.0,4904977,Business Loan,363.0,9,45416.45,Excellent,Defaulted,1.4571226903158359,13.114105282295474,Poor
CUST00346,60,Male,Bangalore,Freelancer,2479203.0,3529000,Business Loan,670.0,11,26734.85,Excellent,Rejected,0.1294037640322313,1.423441323683458,Good
CUST01737,43,Female,Delhi,Business Owner,243764.0,2758685,Personal Loan,625.0,3,76630.14,Delayed,Defaulted,3.7723440704944124,11.317032047390098,Fair
CUST00263,59,Female,Jaipur,Business Owner,1238199.0,287068,Education Loan,701.0,6,3987.06,Excellent,Approved,0.03864057393036176,0.23184318514229135,Good
CUST01635,48,Male,Pune,Freelancer,2444747.0,4612051,Car Loan,630.0,10,38433.76,Missed,Defaulted,0.18865147191099937,1.8865146373019377,Fair
CUST01322,46,Male,Lucknow,Self-Employed,1959771.0,283462,Business Loan,366.0,18,1312.32,Delayed,Defaulted,0.008035551092449068,0.14464036869613847,Poor
CUST01439,44,Male,Chennai,Freelancer,2088529.0,1476548,Car Loan,403.0,7,17577.95,Missed,Defaulted,0.10099711327925062,0.7069798887159335,Poor
CUST00151,27,Male,Hyderabad,Freelancer,210699.0,1811369,Education Loan,599.0,1,150947.42,Missed,Defaulted,8.596951290703801,8.59695110085952,Fair
CUST00473,52,Female,Ahmedabad,Salaried,1494929.0,2415885,Car Loan,855.0,14,14380.27,Missed,Defaulted,0.11543239846173296,1.6160533376501494,Excellent
CUST00641,57,Male,Pune,Freelancer,2187118.0,3773234,Personal Loan,746.0,11,28585.11,Excellent,Approved,0.1568371345304643,1.7252082420793025,Good
CUST01923,52,Male,Lucknow,Self-Employed,242056.0,4243616,Education Loan,429.0,9,39292.74,Missed,Defaulted,1.947949565389827,17.53154641901048,Poor
CUST00551,32,Female,Jaipur,Freelancer,2216106.0,4364896,Business Loan,461.0,15,24249.42,Good,Defaulted,0.13130826774531543,1.9696241966765127,Poor
CUST01817,46,Male,Kolkata,Salaried,873812.0,430069,Car Loan,454.0,1,35839.08,Delayed,Defaulted,0.492175616723048,0.492175662499485,Poor
CUST00929,26,Male,Mumbai,Self-Employed,1246161.0,2706222,Car Loan,599.0,10,22551.85,Missed,Defaulted,0.21716471627662876,2.1716471627662877,Fair
CUST00489,50,Female,Lucknow,Freelancer,1538106.0,2018067,Car Loan,303.0,12,14014.35,Good,Defaulted,0.1093371978264177,1.312046764007162,Poor
CUST01850,64,Male,Delhi,Self-Employed,985833.0,286538,Education Loan,552.0,4,5969.54,Missed,Defaulted,0.07266390960740815,0.29065571957927966,Fair
CUST01172,39,Male,Bangalore,Freelancer,368785.0,1780283,Education Loan,604.0,18,8242.05,Delayed,Rejected,0.26819040904592106,4.827427905147986,Fair
CUST00147,43,Female,Lucknow,Business Owner,1304849.0,293877,Personal Loan,554.0,6,4081.62,Missed,Defaulted,0.03753648123269436,0.22521916329015848,Fair
CUST01739,24,Female,Hyderabad,Salaried,1118638.0,1873327,Business Loan,872.0,18,8672.81,Missed,Defaulted,0.09303610283219416,1.6746498867372643,Excellent
CUST01969,46,Male,Lucknow,Self-Employed,1575645.0,2101723,Car Loan,888.0,4,43785.9,Good,Approved,0.3334702931180564,1.3338810455400805,Excellent
CUST00403,22,Female,Lucknow,Self-Employed,517875.0,2432962,Personal Loan,346.0,1,202746.83,Good,Defaulted,4.6979714409847935,4.697971518223509,Poor
CUST00955,46,Male,Kolkata,Self-Employed,1007744.0,3440664,Home Loan,707.0,19,15090.63,Missed,Defaulted,0.17969599422075447,3.414224247427918,Good
CUST01918,46,Male,Mumbai,Business Owner,2333620.0,919953,Education Loan,670.0,6,12777.12,Excellent,Rejected,0.06570283079507375,0.394217139037204,Good
CUST00660,54,Male,Kolkata,Self-Employed,473349.0,809401,Business Loan,413.0,10,6745.01,Excellent,Defaulted,0.17099459384090807,1.7099455158878545,Poor
CUST01373,34,Female,Delhi,Salaried,2325480.0,2545990,Home Loan,592.0,1,212165.83,Good,Rejected,1.0948234171009856,1.0948234343017356,Fair
CUST00464,24,Female,Delhi,Freelancer,1132883.0,2648133,Business Loan,551.0,3,73559.25,Excellent,Rejected,0.7791722534454132,2.3375167603362397,Fair
CUST01350,60,Male,Pune,Business Owner,1239955.0,1311368,Education Loan,679.0,11,9934.61,Good,Approved,0.0961448762253469,1.057593219108758,Good
CUST00187,23,Male,Hyderabad,Salaried,1452557.0,3623258,Personal Loan,303.0,14,21567.01,Good,Defaulted,0.17817140394490544,2.4943998755298415,Poor
CUST01148,29,Female,Pune,Freelancer,2199284.0,1726644,Home Loan,403.0,16,8992.94,Delayed,Defaulted,0.0490683695238996,0.785093694129544,Poor
CUST01225,58,Male,Hyderabad,Self-Employed,2450229.0,2927448,Personal Loan,365.0,19,12839.68,Missed,Defaulted,0.06288235099658032,1.1947650607351394,Poor
CUST00609,57,Female,Pune,Freelancer,480852.0,229001,Business Loan,849.0,7,2726.2,Missed,Approved,0.06803423922537495,0.4762400905060185,Excellent
CUST00144,34,Female,Bangalore,Salaried,2133460.0,1185371,Car Loan,760.0,9,10975.66,Excellent,Approved,0.061734422018692635,0.5556096669260263,Excellent
CUST00752,34,Female,Ahmedabad,Freelancer,2012336.0,3911460,Business Loan,503.0,15,21730.33,Excellent,Rejected,0.12958271382115116,1.9437410054782105,Poor
CUST01535,60,Male,Hyderabad,Freelancer,1004807.0,1358166,Car Loan,591.0,12,9431.71,Good,Rejected,0.11263906401925941,1.3516685293792738,Fair
CUST00982,29,Female,Delhi,Self-Employed,576794.0,2765548,Home Loan,325.0,18,12803.46,Delayed,Defaulted,0.2663715641979632,4.794689265144922,Poor
CUST00198,27,Male,Delhi,Freelancer,1168616.0,2637551,Personal Loan,404.0,4,54948.98,Missed,Defaulted,0.5642467328874498,2.256986897321276,Poor
CUST01634,37,Female,Chennai,Business Owner,2001498.0,50215,Business Loan,461.0,10,418.46,Excellent,Defaulted,0.0025088808482446644,0.02508870855729059,Poor
CUST00884,32,Female,Chennai,Self-Employed,1720982.0,95256,Home Loan,456.0,4,1984.5,Delayed,Defaulted,0.013837448619450987,0.05534979447780395,Poor
CUST00280,54,Female,Jaipur,Self-Employed,1259325.0,3764755,Car Loan,596.0,1,313729.58,Delayed,Rejected,2.9895022809838605,2.9895023127469083,Fair
CUST00294,59,Male,Bangalore,Salaried,2300343.0,561162,Car Loan,348.0,1,46763.5,Delayed,Defaulted,0.24394709832403255,0.24394709832403255,Poor
CUST01862,27,Female,Lucknow,Salaried,655150.0,2683819,Business Loan,861.0,15,14910.11,Excellent,Rejected,0.2730997786766389,4.096495459055178,Excellent
CUST00401,33,Male,Kolkata,Freelancer,2441281.0,3516032,Personal Loan,408.0,9,32555.85,Missed,Defaulted,0.16002672367498866,1.4402405949991008,Poor
CUST00123,35,Female,Lucknow,Business Owner,1904597.0,2105845,Business Loan,758.0,11,15953.37,Missed,Defaulted,0.10051493308033144,1.1056643478909187,Excellent
CUST01208,53,Female,Ahmedabad,Salaried,2162889.0,505433,Education Loan,699.0,19,2216.81,Good,Rejected,0.012299160983295953,0.23368420663288778,Good
CUST00203,59,Male,Lucknow,Self-Employed,1265923.0,4039284,Home Loan,506.0,12,28050.58,Missed,Defaulted,0.2658984472199336,3.1907817458091845,Poor
CUST01463,50,Female,Pune,Business Owner,1357522.0,4261422,Business Loan,577.0,13,27316.81,Missed,Defaulted,0.24147065019940747,3.1391181874032243,Fair
CUST00836,24,Male,Hyderabad,Self-Employed,1936263.0,140417,Personal Loan,683.0,6,1950.24,Missed,Defaulted,0.012086622530100509,0.07251959057214852,Good
CUST00247,26,Female,Pune,Self-Employed,488859.0,2625606,Car Loan,610.0,17,12870.62,Excellent,Rejected,0.3159345332703295,5.370886083717391,Fair
CUST01440,30,Female,Mumbai,Salaried,1294316.0,4041818,Education Loan,779.0,11,30619.83,Missed,Defaulted,0.2838858207732888,3.1227443684540717,Excellent
CUST01734,37,Male,Bangalore,Freelancer,204138.0,4264086,Business Loan,662.0,5,71068.1,Delayed,Defaulted,4.177650412955942,20.888252064779707,Good
CUST01790,57,Male,Pune,Salaried,1312186.0,4112834,Business Loan,588.0,7,48962.31,Delayed,Rejected,0.44776252756850016,3.134337662496018,Fair
CUST01942,25,Female,Pune,Self-Employed,1693551.0,4591490,Home Loan,466.0,19,20138.11,Excellent,Defaulted,0.14269267355987508,2.7111613408748836,Poor
CUST01708,23,Male,Delhi,Business Owner,1089493.0,1788614,Education Loan,695.0,2,74525.58,Missed,Approved,0.8208469076900907,1.6416938888088313,Good
CUST01921,22,Female,Jaipur,Self-Employed,1671867.0,2366374,Education Loan,552.0,4,49299.46,Good,Rejected,0.353852022918091,1.4154080438216676,Fair
CUST01154,58,Female,Pune,Self-Employed,478710.0,4694068,Car Loan,315.0,17,23010.14,Missed,Defaulted,0.5768036598358087,9.805661047398216,Poor
CUST01662,29,Female,Chennai,Business Owner,295556.0,3067465,Personal Loan,678.0,15,17041.47,Excellent,Defaulted,0.6919082678071161,10.378625370488164,Good
CUST01427,29,Male,Jaipur,Salaried,1813559.0,3992033,Education Loan,678.0,19,17508.92,Good,Approved,0.11585343515154455,2.201214848813852,Good
CUST00385,51,Female,Kolkata,Freelancer,506094.0,3680400,Education Loan,509.0,14,21907.14,Excellent,Defaulted,0.5194404201591009,7.27216683066782,Poor
CUST01795,24,Male,Ahmedabad,Salaried,1416593.0,3021679,Home Loan,451.0,12,20983.88,Missed,Defaulted,0.17775505032144023,2.13306080151462,Poor
CUST01760,58,Male,Pune,Self-Employed,1569391.0,2578474,Home Loan,813.0,12,17906.07,Missed,Defaulted,0.1369147905142823,1.6429774351962003,Excellent
CUST00855,42,Male,Delhi,Self-Employed,465972.0,2162368,Home Loan,594.0,3,60065.78,Excellent,Rejected,1.5468512271123587,4.640553509652941,Fair
CUST01590,44,Male,Bangalore,Self-Employed,2478669.0,1212586,Home Loan,830.0,14,7217.77,Good,Approved,0.034943447471203294,0.4892085227999382,Excellent
CUST00220,47,Female,Lucknow,Freelancer,260545.0,827635,Car Loan,358.0,19,3629.98,Excellent,Defaulted,0.16718708860273657,3.1765529946842195,Poor
CUST00642,48,Female,Hyderabad,Salaried,2469070.0,1960217,Car Loan,590.0,18,9075.08,Missed,Defaulted,0.04410606422661163,0.7939090426759873,Fair
CUST00002,50,Male,Jaipur,Self-Employed,1701681.0,2688439,Home Loan,301.0,4,56009.15,Missed,Defaulted,0.3949681520802078,1.5798724907899895,Poor
CUST00113,48,Male,Chennai,Business Owner,365575.0,515590,Business Loan,387.0,14,3068.99,Missed,Defaulted,0.10073960199685426,1.4103535526225808,Poor
CUST00699,61,Female,Delhi,Business Owner,421373.0,4202567,Business Loan,547.0,17,20600.82,Excellent,Defaulted,0.5866769821512057,9.973508032076094,Poor
CUST01956,22,Female,Chennai,Salaried,1416593.0,872564,Personal Loan,513.0,8,9089.21,Delayed,Rejected,0.0769949590319873,0.6159595593088487,Poor
CUST00952,35,Female,Hyderabad,Salaried,1199430.0,3585647,Personal Loan,325.0,8,37350.49,Excellent,Defaulted,0.37368239913959134,2.989459159767556,Poor
CUST01649,36,Male,Jaipur,Self-Employed,683779.0,4642087,Education Loan,343.0,3,128946.86,Excellent,Defaulted,2.2629567740454153,6.788870380634679,Poor
CUST01785,55,Female,Lucknow,Business Owner,1333754.0,167769,Car Loan,501.0,13,1075.44,Delayed,Rejected,0.009675907251262227,0.12578706418125082,Poor
CUST01411,36,Female,Bangalore,Self-Employed,879892.0,4347084,Personal Loan,635.0,13,27865.92,Excellent,Rejected,0.38003645901997063,4.940474512781114,Fair
CUST01410,30,Male,Chennai,Business Owner,481854.0,4074919,Home Loan,634.0,19,17872.45,Excellent,Defaulted,0.4450920818339165,8.45675038497138,Fair
CUST01534,33,Male,Hyderabad,Freelancer,2256501.0,3917239,Education Loan,674.0,8,40804.57,Good,Approved,0.21699739552519584,1.7359792882874858,Good
CUST01292,46,Male,Bangalore,Self-Employed,229336.0,1454962,Home Loan,694.0,13,9326.68,Missed,Defaulted,0.4880182788572226,6.34423727631074,Good
CUST01847,26,Female,Ahmedabad,Self-Employed,2363349.0,299264,Home Loan,483.0,13,1918.36,Delayed,Defaulted,0.009740550379990429,0.12662708723933705,Poor
CUST00442,31,Female,Jaipur,Salaried,1626445.0,400679,Education Loan,367.0,1,33389.92,Excellent,Defaulted,0.24635265256433508,0.2463526279708198,Poor
CUST01521,63,Male,Hyderabad,Self-Employed,1402060.0,1927779,Personal Loan,695.0,10,16064.82,Missed,Defaulted,0.13749614139195185,1.3749618418612612,Good
CUST01137,53,Female,Bangalore,Freelancer,1783214.0,1474473,Education Loan,859.0,16,7679.55,Excellent,Approved,0.05167893477731781,0.8268626199659715,Excellent
CUST01716,32,Female,Chennai,Freelancer,453091.0,1639426,Business Loan,374.0,16,8538.68,Missed,Defaulted,0.2261447700351585,3.618315084607728,Poor
CUST01257,23,Female,Hyderabad,Salaried,364074.0,2261130,Personal Loan,619.0,5,37685.5,Excellent,Defaulted,1.2421266006361344,6.210633003180672,Fair
CUST01903,43,Male,Chennai,Salaried,1333183.0,494874,Business Loan,840.0,8,5154.94,Missed,Defaulted,0.04639969156522398,0.37119735250149455,Excellent
CUST01632,39,Female,Mumbai,Freelancer,784010.0,3693488,Business Loan,338.0,10,30779.07,Excellent,Defaulted,0.47110220532901365,4.711021543092563,Poor
CUST01696,54,Female,Delhi,Salaried,1416593.0,4696386,Business Loan,311.0,11,35578.68,Good,Defaulted,0.3013880204123556,3.3152683939564858,Poor
CUST01398,26,Female,Chennai,Business Owner,624528.0,1966796,Education Loan,357.0,1,163899.67,Good,Defaulted,3.1492519790946125,3.149251915046243,Poor
CUST00664,32,Male,Bangalore,Salaried,2229450.0,4117784,Education Loan,348.0,11,31195.33,Good,Defaulted,0.16790865908632174,1.846995447307632,Poor
CUST01874,58,Female,Jaipur,Business Owner,1190121.0,3941865,Car Loan,675.0,17,19322.87,Missed,Defaulted,0.19483265987239953,3.3121548145104573,Good
CUST01258,64,Female,Hyderabad,Freelancer,2239096.0,1257739,Home Loan,481.0,2,52405.79,Delayed,Defaulted,0.2808586500980753,0.561717318060503,Poor
CUST01811,58,Male,Lucknow,Salaried,1542501.0,4574105,Car Loan,662.0,7,54453.63,Delayed,Rejected,0.42362602033969504,2.9653821942416894,Good
CUST01701,34,Female,Bangalore,Freelancer,480833.0,804981,Business Loan,740.0,5,13416.35,Excellent,Rejected,0.3348276844559338,1.674138422279669,Good
CUST00318,52,Male,Ahmedabad,Self-Employed,2118596.0,1082499,Business Loan,426.0,1,90208.25,Delayed,Defaulted,0.510951120459021,0.510951120459021,Poor
CUST00649,50,Female,Pune,Salaried,1726534.0,1135610,Home Loan,509.0,17,5566.72,Good,Rejected,0.038690602096454516,0.6577397259480555,Poor
CUST01435,24,Female,Lucknow,Business Owner,2165730.0,2678973,Business Loan,743.0,3,74415.92,Delayed,Approved,0.41232796331952737,1.2369838345500133,Good
CUST01480,29,Female,Jaipur,Salaried,391387.0,840671,Business Loan,743.0,10,7005.59,Excellent,Rejected,0.21479272433678176,2.1479277543709934,Good
CUST00710,22,Female,Lucknow,Freelancer,494746.0,3859395,Business Loan,383.0,4,80404.06,Good,Defaulted,1.9501900369078273,7.800760390180011,Poor
CUST01383,34,Female,Ahmedabad,Business Owner,585893.0,4689148,Car Loan,663.0,1,390762.33,Missed,Defaulted,8.003420351497628,8.00342041976948,Good
CUST01769,54,Female,Kolkata,Self-Employed,572397.0,3461097,Car Loan,355.0,9,32047.19,Excellent,Defaulted,0.6718523681989947,6.046672152369771,Poor
CUST00973,23,Male,Delhi,Salaried,707365.0,2720492,Education Loan,628.0,16,14169.23,Excellent,Rejected,0.24037202858495968,3.8459522311677845,Fair
CUST00628,59,Male,Lucknow,Freelancer,221253.0,2086503,Education Loan,396.0,17,10227.96,Missed,Defaulted,0.5547292918062128,9.430394164146927,Poor
CUST00633,49,Male,Delhi,Self-Employed,1058379.0,2459409,Business Loan,850.0,6,34158.46,Delayed,Approved,0.3872918113454632,2.323750754691845,Excellent
CUST01307,38,Female,Bangalore,Salaried,978883.0,4458608,Business Loan,450.0,5,74310.13,Missed,Defaulted,0.9109582656967177,4.554791532798097,Poor
CUST01401,24,Male,Hyderabad,Business Owner,2455915.0,3135945,Personal Loan,414.0,8,32666.09,Missed,Defaulted,0.15961182695655185,1.2768947622372924,Poor
CUST01409,36,Female,Delhi,Self-Employed,892137.0,399115,Business Loan,418.0,1,33259.58,Missed,Defaulted,0.447369585612972,0.4473696304491351,Poor
CUST01249,55,Female,Delhi,Freelancer,1048923.0,2249318,Car Loan,324.0,18,10413.51,Delayed,Defaulted,0.11913374003620857,2.144407168114342,Poor
CUST01993,26,Female,Mumbai,Freelancer,2242754.0,2168736,Home Loan,308.0,3,60242.67,Good,Defaulted,0.3223322932430396,0.9669968262234735,Poor
CUST01255,42,Female,Jaipur,Self-Employed,1833812.0,3246699,Business Loan,594.0,18,15031.01,Missed,Defaulted,0.09835911205728831,1.770464475093412,Fair
CUST01497,61,Male,Hyderabad,Business Owner,347745.0,2148729,Home Loan,476.0,10,17906.08,Missed,Defaulted,0.6179038088254325,6.17903636285209,Poor
CUST01372,46,Male,Lucknow,Freelancer,1302686.0,342007,Personal Loan,740.0,12,2375.05,Missed,Defaulted,0.02187833445665341,0.26253985995090146,Good
CUST01530,23,Male,Pune,Freelancer,427189.0,1565509,Home Loan,532.0,5,26091.82,Good,Rejected,0.7329351645290492,3.6646753544683968,Poor
CUST01664,34,Male,Bangalore,Self-Employed,1405565.0,2452114,Education Loan,589.0,19,10754.89,Delayed,Rejected,0.09181978777217702,1.744575313130307,Fair
CUST01355,38,Female,Kolkata,Business Owner,1758426.0,1637542,Car Loan,505.0,16,8528.86,Delayed,Rejected,0.058203370514312236,0.9312544286765551,Poor
CUST01966,42,Male,Pune,Salaried,1906826.0,2035404,Home Loan,501.0,14,12115.5,Excellent,Rejected,0.07624502707640865,1.067430379069721,Poor
CUST01941,32,Male,Kolkata,Self-Employed,1947378.0,3708997,Business Loan,598.0,4,77270.77,Excellent,Rejected,0.4761526729787437,1.9046107124554144,Fair
CUST01644,24,Female,Delhi,Self-Employed,1857888.0,1366303,Home Loan,857.0,18,6325.48,Excellent,Approved,0.04085593964759985,0.7354065476498045,Excellent
CUST01888,64,Male,Jaipur,Salaried,1202429.0,3985388,Car Loan,569.0,9,36901.74,Good,Rejected,0.36827195618202824,3.3144476721702487,Fair
CUST00796,47,Male,Jaipur,Business Owner,1052746.0,2885743,Education Loan,306.0,18,13359.92,Delayed,Defaulted,0.15228653445370488,2.741157886137777,Poor
CUST00646,41,Female,Bangalore,Salaried,1071877.0,3157548,Home Loan,785.0,14,18794.93,Excellent,Approved,0.2104151502457838,2.9458118795346855,Excellent
CUST01013,50,Female,Bangalore,Self-Employed,1071808.0,1591019,Education Loan,485.0,13,10198.84,Good,Defaulted,0.1141865707290858,1.4844253821579985,Poor
CUST01878,33,Male,Pune,Self-Employed,1277921.0,1810143,Car Loan,872.0,11,13713.2,Delayed,Rejected,0.1287704013002369,1.4164748838151968,Excellent
CUST00557,59,Female,Jaipur,Freelancer,2159310.0,3970367,Home Loan,369.0,10,33086.39,Missed,Defaulted,0.18387201467135333,1.8387202393357138,Poor
CUST00682,26,Male,Delhi,Business Owner,419780.0,1353306,Personal Loan,824.0,16,7048.47,Good,Approved,0.20149039973319358,3.223845824003049,Excellent
CUST00578,27,Female,Pune,Freelancer,1408948.0,563953,Home Loan,538.0,6,7832.68,Missed,Defaulted,0.06671087932272873,0.40026530432634844,Poor
CUST01820,60,Male,Lucknow,Business Owner,975107.0,2491559,Car Loan,433.0,19,10927.89,Missed,Defaulted,0.13448234911655849,2.5551647152568897,Poor
CUST01110,22,Male,Pune,Salaried,2308542.0,1574631,Car Loan,722.0,15,8747.95,Delayed,Approved,0.045472596989788366,0.6820889548468254,Good
CUST01267,57,Male,Mumbai,Salaried,2053207.0,1161288,Business Loan,702.0,7,13824.86,Excellent,Approved,0.08079960763819723,0.5655971365770719,Good
CUST01723,52,Female,Ahmedabad,Business Owner,1619920.0,1894277,Personal Loan,892.0,7,22550.92,Missed,Defaulted,0.16705210133833767,1.169364536520322,Excellent
CUST01184,23,Female,Lucknow,Self-Employed,2224241.0,387462,Car Loan,732.0,6,5381.42,Excellent,Rejected,0.029033292705241923,0.1741996483294751,Good
CUST00525,33,Male,Bangalore,Freelancer,268920.0,539415,Home Loan,406.0,19,2365.86,Excellent,Defaulted,0.10557161981258367,2.0058567603748325,Poor
CUST01060,44,Female,Delhi,Self-Employed,1430746.0,4140284,Car Loan,655.0,9,38335.96,Delayed,Approved,0.32153262703512714,2.8937938669756895,Good
CUST00541,60,Female,Hyderabad,Business Owner,686799.0,3009470,Home Loan,339.0,8,31348.65,Missed,Defaulted,0.5477349268126483,4.381878832089155,Poor
CUST01195,26,Male,Pune,Salaried,1160652.0,2767892,Education Loan,765.0,13,17742.9,Excellent,Approved,0.1834441331251745,2.3847733859933897,Excellent
CUST00749,55,Male,Hyderabad,Business Owner,2423650.0,4178784,Personal Loan,381.0,7,49747.43,Excellent,Defaulted,0.24630997049904071,1.7241697439811854,Poor
CUST01891,41,Female,Mumbai,Salaried,804489.0,1665181,Personal Loan,323.0,7,19823.58,Delayed,Defaulted,0.2956944843248323,2.069861738320847,Poor
CUST01431,64,Male,Jaipur,Freelancer,1341340.0,530350,Personal Loan,648.0,7,6313.69,Missed,Defaulted,0.05648402343924732,0.3953881938956566,Fair
CUST00485,62,Female,Lucknow,Freelancer,2028022.0,1455802,Education Loan,392.0,6,20219.47,Excellent,Defaulted,0.11964053644388474,0.7178432975579161,Poor
CUST01758,40,Female,Bangalore,Business Owner,605841.0,614174,Personal Loan,808.0,7,7311.6,Good,Approved,0.14482215630833833,1.0137544339191307,Excellent
CUST00096,26,Male,Ahmedabad,Salaried,1324905.0,4340697,Education Loan,304.0,5,72344.95,Missed,Defaulted,0.6552465271094908,3.2762326355474545,Poor
CUST01021,47,Male,Delhi,Salaried,894780.0,4582889,Business Loan,754.0,18,21217.08,Missed,Defaulted,0.2845447596057132,5.121805359976754,Excellent
CUST00564,23,Male,Kolkata,Business Owner,1484294.0,1340894,Car Loan,850.0,1,111741.17,Good,Approved,0.9033884392175674,0.9033884122687285,Excellent
CUST00743,38,Male,Chennai,Self-Employed,1009178.0,4800014,Education Loan,305.0,11,36363.74,Missed,Defaulted,0.4323963463333525,4.756360126756627,Poor
CUST00864,30,Female,Pune,Freelancer,1843312.0,3520431,Personal Loan,569.0,1,293369.25,Delayed,Rejected,1.9098400053816174,1.9098400053816174,Fair
CUST01599,62,Male,Delhi,Self-Employed,1233668.0,1768562,Home Loan,378.0,18,8187.79,Delayed,Defaulted,0.0796433724470441,1.433580185268646,Poor
CUST01715,61,Male,Jaipur,Freelancer,938096.0,56464,Car Loan,612.0,17,276.78,Delayed,Rejected,0.003540533165049206,0.06019000187614061,Fair
CUST01485,58,Male,Bangalore,Freelancer,562916.0,2244358,Education Loan,414.0,2,93514.92,Missed,Defaulted,1.99351064812512,3.9870211541331213,Poor
CUST00892,41,Female,Pune,Business Owner,413981.0,2700432,Business Loan,569.0,10,22503.6,Delayed,Defaulted,0.6523081977192189,6.52308197719219,Fair
CUST01578,33,Male,Lucknow,Salaried,873647.0,2615820,Personal Loan,706.0,10,21798.5,Delayed,Approved,0.299413836480867,2.99413836480867,Good
CUST01039,39,Male,Kolkata,Self-Employed,2190922.0,2076819,Business Loan,622.0,13,13312.94,Good,Rejected,0.0729169180828893,0.9479200993919454,Fair
CUST00207,27,Female,Kolkata,Self-Employed,1730891.0,1284215,Education Loan,368.0,11,9728.9,Delayed,Defaulted,0.06744896125752574,0.7419386893802093,Poor
CUST00393,38,Female,Jaipur,Freelancer,544710.0,2649327,Home Loan,564.0,15,14718.48,Excellent,Rejected,0.3242491601035414,4.863738503056672,Fair
CUST00795,38,Male,Delhi,Freelancer,2225739.0,2122723,Education Loan,558.0,10,17689.36,Missed,Defaulted,0.09537161365281374,0.9537160466703418,Fair
CUST00871,52,Male,Chennai,Self-Employed,1925322.0,198725,Home Loan,373.0,1,16560.42,Missed,Defaulted,0.10321652170390198,0.10321650092815643,Poor
CUST00398,47,Male,Chennai,Business Owner,2320539.0,2999311,Business Loan,375.0,11,22722.05,Delayed,Defaulted,0.1175005462093074,1.2925061806761273,Poor
CUST00767,53,Female,Pune,Freelancer,1524667.0,226355,Home Loan,791.0,4,4715.73,Excellent,Approved,0.03711548816889196,0.1484619264403309,Excellent
CUST01880,41,Male,Delhi,Self-Employed,2156874.0,2989701,Personal Loan,448.0,6,41523.62,Good,Defaulted,0.23102111667162759,1.3861268669379851,Poor
CUST01242,43,Male,Mumbai,Salaried,701590.0,4412200,Education Loan,531.0,9,40853.7,Excellent,Defaulted,0.6987619549879559,6.288858165025157,Poor
CUST01029,59,Male,Delhi,Self-Employed,1700134.0,4082371,Home Loan,351.0,13,26169.04,Missed,Defaulted,0.18470807595166028,2.4012054343951714,Poor
CUST01793,63,Male,Bangalore,Self-Employed,898787.0,2516511,Personal Loan,676.0,19,11037.33,Good,Rejected,0.1473630125936401,2.799896972252603,Good
CUST00643,38,Male,Pune,Salaried,419055.0,1650741,Car Loan,711.0,2,68780.88,Excellent,Rejected,1.9695995990979707,3.9391989118373485,Good
CUST01932,30,Female,Lucknow,Freelancer,1606150.0,3567778,Business Loan,639.0,14,21236.77,Good,Approved,0.15866590293559132,2.2213230395666654,Fair
CUST00613,39,Female,Bangalore,Self-Employed,1390631.0,3177022,Education Loan,523.0,18,14708.44,Missed,Defaulted,0.12692172114673123,2.2845902327792205,Poor
CUST01763,24,Male,Hyderabad,Salaried,1930085.0,2515596,Business Loan,799.0,19,11033.32,Delayed,Approved,0.06859793221542056,1.30336021470557,Excellent
CUST00961,60,Male,Delhi,Business Owner,217297.0,2430612,Education Loan,822.0,11,18413.73,Missed,Defaulted,1.0168790181180596,11.18566754257997,Excellent
CUST01571,31,Female,Hyderabad,Self-Employed,2359173.0,3249362,Education Loan,351.0,9,30086.69,Missed,Defaulted,0.15303679721665175,1.3773309545336438,Poor
CUST00726,55,Male,Lucknow,Freelancer,954105.0,4925217,Personal Loan,810.0,11,37312.25,Good,Rejected,0.4692848271416668,5.162133098558335,Excellent
CUST00684,24,Male,Lucknow,Business Owner,1357588.5,3882809,Home Loan,610.0,4,80891.85,Good,Approved,0.7150194628195511,2.86007799859825,Fair
CUST00099,62,Male,Bangalore,Salaried,1564973.0,1960332,Business Loan,481.0,15,10890.73,Delayed,Defaulted,0.08350863561224378,1.2526299175768527,Poor
CUST00805,49,Female,Kolkata,Freelancer,1684738.0,4995697,Education Loan,797.0,1,416308.08,Excellent,Approved,2.9652663856338495,2.9652664093764134,Excellent
CUST01752,29,Female,Kolkata,Freelancer,1538306.0,3972380,Personal Loan,351.0,4,82757.92,Good,Defaulted,0.6455770438391322,2.582308071346013,Poor
CUST01598,34,Female,Bangalore,Self-Employed,1223920.0,2425100,Car Loan,802.0,2,101045.83,Excellent,Approved,0.9907101444538858,1.981420354271521,Excellent
CUST00407,61,Male,Mumbai,Salaried,1426134.0,631904,Education Loan,445.0,5,10531.73,Excellent,Defaulted,0.08861773157361089,0.4430887981073307,Poor
CUST00503,53,Female,Lucknow,Self-Employed,716595.0,906636,Home Loan,623.0,4,18888.25,Delayed,Approved,0.31630000209323256,1.2652000083729302,Fair
CUST01072,30,Female,Ahmedabad,Business Owner,325438.0,3978685,Education Loan,594.0,5,66311.42,Delayed,Defaulted,2.4451263835200563,12.225631303043897,Fair
CUST01057,62,Male,Jaipur,Freelancer,621280.0,3846315,Business Loan,323.0,12,26710.52,Missed,Defaulted,0.515912696368787,6.190952549575071,Poor
CUST00930,35,Male,Bangalore,Self-Employed,694178.0,1177109,Education Loan,594.0,6,16348.74,Good,Rejected,0.2826146607930531,1.6956875614035594,Fair
CUST00780,27,Male,Kolkata,Freelancer,691450.0,91743,Home Loan,570.0,17,449.72,Good,Rejected,0.007804815966447321,0.1326820449779449,Fair
CUST01864,35,Male,Jaipur,Freelancer,1762518.0,3846098,Car Loan,893.0,12,26709.01,Delayed,Approved,0.18184672156539677,2.182160976512013,Excellent
CUST00201,32,Male,Lucknow,Self-Employed,1690036.0,2559907,Education Loan,728.0,6,35554.26,Good,Rejected,0.25245090637122525,1.5147056039042954,Good
CUST00135,25,Male,Jaipur,Freelancer,1347116.0,915256,Education Loan,310.0,2,38135.67,Delayed,Defaulted,0.3397094533804067,0.6794188473746878,Poor
CUST01052,52,Female,Lucknow,Salaried,2427503.0,1744000,Personal Loan,632.0,11,13212.12,Missed,Defaulted,0.06531214997468593,0.7184337156328952,Fair
CUST00041,46,Female,Hyderabad,Business Owner,1569909.0,1250532,Education Loan,356.0,15,6947.4,Excellent,Defaulted,0.05310422451237619,0.796563367685643,Poor
CUST01018,52,Male,Lucknow,Self-Employed,1706145.0,113014,Car Loan,398.0,3,3139.28,Missed,Defaulted,0.022079811504883817,0.06623938762531907,Poor
CUST00231,61,Male,Kolkata,Self-Employed,1353824.0,3080486,Education Loan,350.0,15,17113.81,Delayed,Defaulted,0.15169307088661452,2.275396211028908,Poor
CUST01514,48,Male,Delhi,Salaried,1194620.0,466690,Home Loan,321.0,19,2046.89,Missed,Defaulted,0.02056108218513,0.3906597913981015,Poor
CUST01797,61,Female,Kolkata,Self-Employed,1353824.0,1298749,Home Loan,668.0,13,8325.31,Delayed,Approved,0.07379372798827617,0.9593189365825986,Good
CUST00379,29,Female,Chennai,Freelancer,1501367.0,3652571,Personal Loan,584.0,2,152190.46,Excellent,Rejected,1.216415120353651,2.4328302140649156,Fair
CUST00289,33,Female,Hyderabad,Freelancer,2185957.0,2049117,Home Loan,691.0,3,56919.92,Missed,Defaulted,0.3124668234553562,0.9374004154702037,Good
CUST00419,43,Female,Chennai,Freelancer,304555.0,3502629,Education Loan,692.0,15,19459.05,Missed,Defaulted,0.7667206251744347,11.500809377616523,Good
CUST01699,54,Male,Lucknow,Self-Employed,2351482.0,1243502,Home Loan,751.0,1,103625.17,Delayed,Rejected,0.5288163124361573,0.5288162954256082,Excellent
CUST00392,40,Male,Chennai,Self-Employed,1041965.0,4882094,Car Loan,551.0,7,58120.17,Excellent,Rejected,0.6693526557993791,4.685468321872616,Fair
CUST00593,62,Male,Bangalore,Business Owner,738645.0,4652606,Car Loan,813.0,13,29824.4,Good,Defaulted,0.484526125540686,6.298839090496788,Excellent
CUST01523,53,Male,Chennai,Freelancer,1044081.0,1851951,Home Loan,866.0,7,22047.04,Excellent,Approved,0.25339459294824823,1.7737618058369033,Excellent
CUST01163,35,Male,Jaipur,Salaried,1395885.0,4507632,Personal Loan,888.0,16,23477.25,Missed,Defaulted,0.2018267980528482,3.229228768845571,Excellent
CUST01087,38,Male,Hyderabad,Freelancer,842613.0,2583200,Home Loan,582.0,1,215266.67,Missed,Defaulted,3.065701621028871,3.0657015735574933,Fair
CUST01496,55,Female,Ahmedabad,Freelancer,1178754.0,1048899,Home Loan,311.0,6,14568.04,Excellent,Defaulted,0.148306160572944,0.8898370652400756,Poor
CUST00648,49,Female,Ahmedabad,Freelancer,280257.0,2388401,Personal Loan,350.0,17,11707.85,Excellent,Defaulted,0.5013048737408878,8.522181426333686,Poor
CUST01153,29,Male,Delhi,Self-Employed,1672542.0,3070745,Education Loan,807.0,11,23263.22,Good,Approved,0.16690680413406658,1.8359748215590401,Excellent
CUST01368,36,Female,Bangalore,Self-Employed,2437035.0,1052021,Education Loan,627.0,1,87668.42,Missed,Defaulted,0.431680726784802,0.4316807103714144,Fair
CUST00521,57,Male,Mumbai,Freelancer,1919014.0,1792955,Business Loan,470.0,15,9960.86,Delayed,Defaulted,0.06228736215577375,0.9343105365567943,Poor
CUST01863,41,Female,Hyderabad,Self-Employed,709551.0,3344900,Home Loan,370.0,6,46456.94,Good,Defaulted,0.7856845808123729,4.714107935863666,Poor
CUST01881,45,Female,Delhi,Self-Employed,1209869.0,2292365,Business Loan,387.0,16,11939.4,Delayed,Defaulted,0.1184200934150722,1.8947216599483085,Poor
CUST00065,57,Female,Delhi,Freelancer,701174.0,2057338,Car Loan,829.0,16,10715.3,Missed,Defaulted,0.18338329715591278,2.9341333249664134,Excellent
CUST01837,24,Female,Jaipur,Business Owner,261753.0,1819361,Home Loan,567.0,19,7979.65,Good,Defaulted,0.36582503352397105,6.950678693271901,Fair
CUST00015,45,Male,Bangalore,Business Owner,1557133.0,4141685,Car Loan,535.0,10,34514.04,Excellent,Rejected,0.2659814415338959,2.6598145437801395,Poor
CUST01181,57,Male,Pune,Business Owner,1140240.0,367942,Home Loan,773.0,9,3406.87,Missed,Defaulted,0.03585424121237634,0.32268820599172104,Excellent
CUST01065,57,Male,Chennai,Self-Employed,1672178.0,360435,Home Loan,795.0,9,3337.36,Delayed,Rejected,0.023949794818494203,0.21554822512914296,Excellent
CUST00493,57,Male,Delhi,Business Owner,1701584.0,3402214,Car Loan,828.0,13,21809.06,Good,Approved,0.1538029976774582,1.9994393459270892,Excellent
CUST00380,26,Female,Pune,Self-Employed,1178836.0,1187613,Car Loan,495.0,10,9896.78,Excellent,Defaulted,0.10074459890943271,1.0074454801176753,Poor
CUST00188,49,Male,Jaipur,Business Owner,304211.0,1540017,Car Loan,580.0,19,6754.46,Missed,Defaulted,0.26643849170477074,5.062331736853697,Fair
CUST00764,25,Female,Kolkata,Self-Employed,1276941.0,4202092,Business Loan,345.0,12,29181.19,Good,Defaulted,0.2742290207613351,3.2907487503338055,Poor
CUST00217,41,Female,Pune,Freelancer,1135772.0,1967577,Personal Loan,449.0,13,12612.67,Good,Defaulted,0.1332591752570058,1.7323697009611083,Poor
CUST00792,43,Female,Hyderabad,Self-Employed,1323389.0,1326485,Business Loan,514.0,3,36846.81,Delayed,Rejected,0.33411318969705806,1.002339448189459,Poor
CUST01077,46,Female,Jaipur,Salaried,835719.0,3048778,Personal Loan,805.0,15,16937.66,Delayed,Approved,0.2432060537094406,3.648089848382052,Excellent
CUST00879,27,Female,Pune,Freelancer,391420.0,104745,Home Loan,328.0,1,8728.75,Delayed,Defaulted,0.2676025752388738,0.2676025752388738,Poor
CUST00338,63,Female,Hyderabad,Salaried,2189968.0,2483351,Personal Loan,452.0,12,17245.49,Delayed,Defaulted,0.09449721639768252,1.133966797688368,Poor
CUST01773,42,Female,Kolkata,Self-Employed,626674.0,1985772,Home Loan,443.0,7,23640.14,Missed,Defaulted,0.45267823461640344,3.168748025289066,Poor
CUST00720,23,Female,Ahmedabad,Self-Employed,1353224.0,3674656,Car Loan,313.0,16,19138.83,Delayed,Defaulted,0.1697176225074341,2.7154824330635576,Poor
CUST01749,46,Female,Hyderabad,Salaried,352353.0,1830832,Business Loan,748.0,3,50856.44,Good,Rejected,1.7320053469106267,5.196016494821954,Good
CUST00296,48,Male,Hyderabad,Salaried,1444289.0,3461134,Education Loan,368.0,17,16966.34,Missed,Defaulted,0.14096630245054834,2.3964275847839316,Poor
CUST01726,33,Female,Pune,Salaried,1649466.0,2126259,Business Loan,376.0,15,11812.55,Delayed,Defaulted,0.08593726697003756,1.2890590045505637,Poor
CUST01017,48,Male,Delhi,Freelancer,1307054.0,1707583,Business Loan,837.0,9,15810.95,Good,Approved,0.1451595725960825,1.3064364593964748,Excellent
CUST01276,57,Female,Delhi,Self-Employed,1261404.0,797948,Education Loan,570.0,18,3694.2,Missed,Defaulted,0.03514369702331687,0.6325871806336432,Fair
CUST01751,57,Female,Pune,Salaried,1783306.0,2414825,Personal Loan,639.0,18,11179.75,Excellent,Approved,0.07522937734746589,1.3541282314981276,Fair
CUST01486,34,Female,Lucknow,Business Owner,378048.0,1858566,Home Loan,420.0,2,77440.25,Delayed,Defaulted,2.4581084941594717,4.9162169883189435,Poor
CUST00456,45,Male,Kolkata,Salaried,1363490.0,1440254,Car Loan,762.0,9,13335.69,Good,Approved,0.1173666693558442,1.0562996428283302,Excellent
CUST00816,39,Female,Hyderabad,Business Owner,2275712.0,1669282,Business Loan,891.0,5,27821.37,Good,Approved,0.1467041699476911,0.7335207618538725,Excellent
CUST01887,52,Male,Jaipur,Freelancer,1221436.0,4910345,Education Loan,681.0,6,68199.24,Good,Rejected,0.6700235460556264,4.020141047095386,Good
CUST00270,50,Female,Delhi,Freelancer,1436180.0,1688846,Education Loan,599.0,8,17592.15,Delayed,Rejected,0.14699118494896185,1.1759292010750741,Fair
CUST00996,54,Female,Hyderabad,Salaried,2055546.0,2384482,Car Loan,432.0,18,11039.27,Excellent,Defaulted,0.064445767693839,1.1600236628127027,Poor
CUST00202,38,Male,Chennai,Salaried,2009377.0,1856210,Car Loan,733.0,15,10312.28,Missed,Defaulted,0.061584939013435515,0.9237738861348567,Good
CUST00162,48,Male,Mumbai,Salaried,1946621.0,2545389,Personal Loan,525.0,13,16316.6,Delayed,Rejected,0.10058414041562277,1.3075935171766873,Poor
CUST01580,56,Male,Ahmedabad,Self-Employed,908672.0,4128813,Car Loan,661.0,4,86016.94,Good,Rejected,1.1359470524017468,4.543788077546133,Good
CUST00730,48,Female,Pune,Self-Employed,1211316.0,1411425,Education Loan,520.0,7,16802.68,Missed,Defaulted,0.16645710945781284,1.1651996671388805,Poor
CUST00402,22,Female,Ahmedabad,Salaried,1892110.0,798692,Business Loan,821.0,9,7395.3,Excellent,Approved,0.04690192430672636,0.4221171073563376,Excellent
CUST00703,52,Female,Hyderabad,Self-Employed,571233.0,665416,Business Loan,330.0,16,3465.71,Missed,Defaulted,0.07280482745219552,1.1648766790434026,Poor
CUST01501,27,Male,Jaipur,Self-Employed,1255991.0,4255089,Business Loan,463.0,3,118196.92,Missed,Defaulted,1.129278028266126,3.3878339892562925,Poor
CUST01846,22,Female,Delhi,Self-Employed,1304934.0,4295576,Personal Loan,613.0,14,25568.9,Good,Approved,0.23512821338090667,3.2917956003905178,Fair
CUST01796,39,Female,Delhi,Freelancer,2452641.0,4184608,Personal Loan,618.0,10,34871.73,Excellent,Approved,0.170616392696689,1.7061640900563924,Fair
CUST01130,59,Male,Mumbai,Self-Employed,663937.0,516589,Education Loan,836.0,4,10762.27,Missed,Defaulted,0.19451731113042353,0.7780693047683741,Excellent
CUST00566,50,Female,Chennai,Freelancer,1884351.0,1147996,Home Loan,594.0,10,9566.63,Excellent,Rejected,0.06092259881518889,0.609226200426566,Fair
CUST01414,33,Female,Pune,Salaried,1836091.0,4092942,Business Loan,490.0,16,21317.41,Delayed,Defaulted,0.1393225717026008,2.229160755104186,Poor
CUST01022,64,Male,Mumbai,Business Owner,1071522.0,3241849,Business Loan,594.0,12,22512.84,Good,Defaulted,0.2521218229770364,3.025461913054515,Fair
CUST01026,32,Male,Bangalore,Salaried,2472919.0,1347682,Car Loan,550.0,18,6239.27,Good,Rejected,0.030276462755148878,0.5449762001909484,Fair
CUST01412,45,Male,Hyderabad,Salaried,1901591.0,867166,Business Loan,838.0,6,12043.97,Excellent,Approved,0.07600353598644502,0.4560213000587403,Excellent
CUST01896,42,Male,Delhi,Freelancer,1391855.0,1400816,Education Loan,837.0,3,38911.56,Excellent,Approved,0.3354794285324261,1.0064381706427752,Excellent
CUST01586,27,Female,Hyderabad,Business Owner,1583875.0,328518,Personal Loan,319.0,10,2737.65,Excellent,Defaulted,0.020741409517796544,0.20741409517796544,Poor
CUST01105,41,Female,Bangalore,Business Owner,1238336.0,4123542,Education Loan,692.0,10,34362.85,Missed,Defaulted,0.3329905615277275,3.3299056152772755,Good
CUST00206,55,Female,Pune,Self-Employed,1164163.0,4990359,Business Loan,887.0,4,103965.81,Excellent,Rejected,1.0716624046632646,4.286649721731407,Excellent
CUST00035,28,Female,Lucknow,Freelancer,2053751.0,984048,Personal Loan,593.0,10,8200.4,Missed,Defaulted,0.04791466930509102,0.4791466930509103,Fair
CUST00776,49,Female,Hyderabad,Freelancer,2278808.0,2610837,Education Loan,315.0,19,11451.04,Good,Defaulted,0.060300156924146316,1.1457029288996703,Poor
CUST00509,34,Female,Ahmedabad,Salaried,2350224.0,966004,Home Loan,595.0,6,13416.72,Good,Rejected,0.06850438085901599,0.41102635323271314,Fair
CUST01452,34,Male,Delhi,Freelancer,967876.0,3451461,Car Loan,386.0,7,41088.82,Good,Defaulted,0.5094307948538862,3.5660156879600278,Poor
CUST01479,59,Male,Kolkata,Freelancer,425391.0,4153099,Home Loan,308.0,18,19227.31,Missed,Defaulted,0.5423897543671587,9.763015672639995,Poor
CUST01391,50,Male,Bangalore,Salaried,1416593.0,1417064,Home Loan,539.0,1,118088.67,Missed,Rejected,1.0003325161143675,1.000332487877605,Poor
CUST00092,29,Female,Pune,Self-Employed,1358423.0,3895474,Car Loan,845.0,12,27051.9,Good,Approved,0.2389703354551565,2.8676443199209674,Excellent
CUST01364,61,Male,Jaipur,Business Owner,1184156.0,2648385,Personal Loan,560.0,12,18391.56,Delayed,Rejected,0.1863763895973166,2.236516979181797,Fair
CUST00898,35,Male,Chennai,Salaried,1398734.0,3650952,Education Loan,831.0,19,16012.95,Good,Approved,0.13737808618364894,2.610183208529999,Excellent
CUST00565,26,Female,Delhi,Self-Employed,2347753.0,758092,Personal Loan,856.0,7,9024.9,Excellent,Approved,0.04612870263609502,0.3229010888283393,Excellent
CUST01370,50,Female,Lucknow,Business Owner,947852.0,1468314,Car Loan,362.0,19,6439.97,Good,Defaulted,0.08153133611576491,1.5490962724138369,Poor
CUST00777,63,Male,Chennai,Salaried,1557453.0,3724942,Personal Loan,870.0,18,17245.1,Good,Approved,0.1328715537483314,2.3916882242995454,Excellent
CUST00242,37,Male,Bangalore,Salaried,1497638.0,921535,Car Loan,513.0,3,25598.19,Excellent,Rejected,0.2051084975140855,0.6153255993771526,Poor
CUST00014,61,Male,Jaipur,Self-Employed,1155154.0,2259853,Car Loan,737.0,6,31386.85,Excellent,Rejected,0.32605366903460486,1.9563218410705412,Good
CUST00316,45,Female,Kolkata,Freelancer,1873879.0,4162732,Education Loan,832.0,6,57815.72,Delayed,Rejected,0.3702419633284753,2.2214518653552338,Excellent
CUST00601,59,Male,Bangalore,Self-Employed,2367354.0,2956492,Personal Loan,613.0,5,49274.87,Missed,Defaulted,0.24977187188734767,1.2488592749542315,Fair
CUST00388,37,Female,Delhi,Business Owner,883404.0,3647170,Education Loan,578.0,4,75982.71,Missed,Defaulted,1.032135376339704,4.128541414800024,Fair
CUST01298,56,Male,Mumbai,Salaried,2478348.0,3894328,Personal Loan,320.0,4,81131.83,Delayed,Defaulted,0.3928350497993018,1.571340263756341,Poor
CUST00167,27,Female,Jaipur,Self-Employed,2118370.0,3667597,Business Loan,374.0,11,27784.83,Excellent,Defaulted,0.1573936375609549,1.7313297488163069,Poor
CUST00841,55,Female,Delhi,Business Owner,1357588.5,1973782,Personal Loan,635.0,7,23497.4,Missed,Defaulted,0.2076982826533961,1.453888273213864,Fair
CUST00021,59,Male,Delhi,Salaried,624226.0,1308624,Car Loan,428.0,18,6058.44,Excellent,Defaulted,0.11646627984095503,2.0963945750417317,Poor
CUST00647,34,Female,Lucknow,Salaried,1456715.0,4464011,Home Loan,895.0,4,93000.23,Missed,Defaulted,0.7661091977497314,3.0644367635398826,Excellent
CUST01843,33,Male,Ahmedabad,Salaried,855496.0,2978339,Personal Loan,440.0,15,16546.33,Missed,Defaulted,0.2320945509973162,3.4814177973947276,Poor
CUST01509,34,Male,Jaipur,Freelancer,2012105.0,3533978,Car Loan,552.0,7,42071.17,Good,Rejected,0.2509083969275957,1.7563586393354225,Fair
CUST01155,24,Female,Hyderabad,Salaried,862550.0,3352923,Personal Loan,797.0,19,14705.8,Missed,Approved,0.20459057445945159,3.8872216103414297,Excellent
CUST01529,57,Female,Kolkata,Freelancer,2435438.0,839148,Car Loan,756.0,1,69929.0,Missed,Defaulted,0.3445573239803272,0.3445573239803272,Excellent
CUST00832,41,Female,Delhi,Freelancer,1234586.0,1201882,Home Loan,763.0,12,8346.4,Delayed,Approved,0.08112581869549791,0.9735101483412253,Excellent
CUST01268,60,Female,Pune,Business Owner,1809473.0,3348273,Education Loan,695.0,10,27902.28,Missed,Defaulted,0.18504136839842317,1.8504133523959738,Good
CUST01591,47,Female,Chennai,Freelancer,2367457.0,4767776,Business Loan,675.0,8,49664.33,Excellent,Approved,0.2517350726961461,2.0138807167352986,Good
CUST01900,53,Male,Chennai,Salaried,270463.0,2087171,Education Loan,796.0,11,15811.9,Delayed,Defaulted,0.7015480860598307,7.71702968613082,Excellent
CUST00563,48,Female,Chennai,Salaried,1487087.0,4031383,Business Loan,695.0,16,20996.79,Delayed,Rejected,0.169432911457097,2.710926126043735,Good
CUST01992,33,Male,Jaipur,Self-Employed,1997519.0,1429339,Car Loan,490.0,15,7940.77,Missed,Defaulted,0.04770379655963223,0.7155571486428915,Poor
CUST00687,58,Female,Ahmedabad,Salaried,1693934.0,2912349,Education Loan,454.0,4,60673.94,Missed,Defaulted,0.4298203353849678,1.7192812706988585,Poor
CUST00958,39,Male,Ahmedabad,Business Owner,899539.0,241896,Car Loan,487.0,10,2015.8,Good,Defaulted,0.02689110755620379,0.2689110755620379,Poor
CUST00190,58,Male,Mumbai,Self-Employed,687689.0,919446,Business Loan,719.0,12,6385.04,Good,Approved,0.11141734126909111,1.3370084442240606,Good
CUST01807,63,Female,Chennai,Business Owner,497986.0,1154315,Home Loan,747.0,2,48096.46,Excellent,Approved,1.158983425236854,2.3179667701501647,Good
CUST00976,61,Female,Chennai,Salaried,1222788.0,2984317,Education Loan,787.0,1,248693.08,Missed,Defaulted,2.440584107793011,2.4405841405051407,Excellent
CUST00700,53,Male,Delhi,Self-Employed,1606368.0,806079,Business Loan,563.0,3,22391.08,Good,Rejected,0.16726737584414034,0.5018022022351043,Fair
CUST01500,54,Female,Hyderabad,Self-Employed,2267636.0,1001302,Home Loan,745.0,10,8344.18,Good,Approved,0.04415618732459707,0.44156204964112405,Good
CUST01706,43,Female,Delhi,Self-Employed,1919374.0,4928274,Home Loan,379.0,17,24158.21,Missed,Defaulted,0.15103805719989957,2.567646534755603,Poor
CUST00511,46,Female,Bangalore,Salaried,1271860.0,477244,Home Loan,623.0,3,13256.78,Delayed,Rejected,0.12507772868082967,0.37523312314248425,Fair
CUST01083,39,Female,Pune,Salaried,1406751.0,3906600,Personal Loan,692.0,10,32555.0,Delayed,Approved,0.2777037300844286,2.777037300844286,Good
CUST00475,56,Male,Pune,Self-Employed,2226683.0,3640437,Personal Loan,625.0,11,27579.07,Good,Approved,0.14862862832293594,1.634914803768655,Fair
CUST01585,54,Male,Jaipur,Salaried,496063.0,4380972,Education Loan,413.0,3,121693.67,Missed,Defaulted,2.943827779939242,8.831483097912967,Poor
CUST00857,27,Male,Jaipur,Salaried,2433706.0,926336,Car Loan,422.0,2,38597.33,Missed,Defaulted,0.1903138505637082,0.3806277339990944,Poor
CUST00748,26,Female,Kolkata,Self-Employed,1513379.0,1477197,Home Loan,805.0,1,123099.75,Missed,Defaulted,0.9760919108828654,0.9760919108828654,Excellent
CUST00253,40,Female,Pune,Salaried,1441597.0,2319409,Business Loan,594.0,15,12885.61,Missed,Defaulted,0.10726112776316821,1.6089163615074116,Fair
CUST00022,23,Male,Ahmedabad,Self-Employed,1618897.0,1012452,Personal Loan,709.0,1,84371.0,Excellent,Rejected,0.6253961802387675,0.6253961802387675,Good
CUST01338,43,Female,Bangalore,Self-Employed,798506.0,2443946,Home Loan,582.0,18,11314.56,Missed,Defaulted,0.17003594212191267,3.0606482606267202,Fair
CUST00460,54,Male,Chennai,Business Owner,1439444.0,4225318,Business Loan,495.0,3,117369.94,Missed,Defaulted,0.9784606278535324,2.935381994714626,Poor
CUST01185,22,Male,Delhi,Self-Employed,934983.0,3978207,Personal Loan,452.0,1,331517.25,Missed,Defaulted,4.2548442057235265,4.2548442057235265,Poor
CUST00277,57,Male,Kolkata,Business Owner,1533140.0,2432865,Personal Loan,624.0,16,12671.17,Good,Approved,0.09917818333615978,1.586851168190772,Fair
CUST00956,63,Male,Pune,Self-Employed,948736.0,1671788,Car Loan,594.0,14,9951.12,Missed,Defaulted,0.1258658256880734,1.7621213909875877,Fair
CUST01216,60,Female,Kolkata,Self-Employed,711511.0,4726103,Home Loan,315.0,2,196920.96,Missed,Defaulted,3.32117355880654,6.642347061394694,Poor
CUST00386,56,Male,Pune,Business Owner,1436497.0,2904119,Personal Loan,828.0,10,24200.99,Good,Approved,0.20216671528029645,2.0216672920305436,Excellent
CUST00806,44,Male,Chennai,Self-Employed,601067.0,3161500,Business Loan,327.0,4,65864.58,Missed,Defaulted,1.3149531749372365,5.259812965942233,Poor
CUST01438,26,Male,Chennai,Business Owner,875673.0,3962669,Personal Loan,594.0,2,165111.21,Good,Defaulted,2.262642013628375,4.525283981577598,Fair
CUST01516,28,Female,Delhi,Freelancer,814741.0,3046244,Education Loan,739.0,14,18132.4,Good,Rejected,0.2670649936605621,3.7389108931550026,Good
CUST00344,30,Female,Lucknow,Business Owner,1738510.0,2523188,Car Loan,667.0,5,42053.13,Delayed,Approved,0.2902701508763251,1.4513508694226664,Good
CUST00770,50,Female,Ahmedabad,Self-Employed,1364795.0,170243,Personal Loan,810.0,17,834.52,Missed,Approved,0.007337541535541968,0.124738880198125,Excellent
CUST01333,28,Female,Lucknow,Self-Employed,1112743.0,1722349,Business Loan,715.0,3,47843.03,Delayed,Approved,0.515946952710554,1.5478407862372534,Good
CUST01686,53,Female,Kolkata,Salaried,261842.0,2091215,Business Loan,835.0,6,29044.65,Delayed,Defaulted,1.3310920325998123,7.986552959418275,Excellent
CUST00131,34,Male,Mumbai,Freelancer,508623.0,3006151,Education Loan,654.0,4,62628.15,Delayed,Rejected,1.4775930305943696,5.910371729158925,Good
CUST01688,37,Male,Jaipur,Self-Employed,489134.0,3752590,Car Loan,836.0,18,17373.1,Excellent,Defaulted,0.42621694668536636,7.671905858108412,Excellent
CUST00872,27,Male,Pune,Salaried,1563501.0,541215,Education Loan,470.0,5,9020.25,Missed,Defaulted,0.06923116774469604,0.3461558387234802,Poor
CUST01124,39,Male,Mumbai,Self-Employed,2307359.0,1020278,Home Loan,688.0,14,6073.08,Excellent,Rejected,0.03158457786586309,0.4421843328238042,Good
CUST01397,41,Male,Pune,Salaried,1174250.0,1975464,Business Loan,702.0,3,54874.0,Excellent,Rejected,0.5607732595273579,1.6823197785820736,Good
CUST00088,29,Female,Lucknow,Self-Employed,2254780.0,4690176,Car Loan,578.0,16,24428.0,Good,Rejected,0.13000647513282892,2.080103602125263,Fair
CUST00331,61,Female,Pune,Freelancer,1718087.0,1280796,Education Loan,536.0,4,26683.25,Excellent,Rejected,0.1863694911840902,0.7454779647363609,Poor
CUST01239,33,Female,Lucknow,Self-Employed,1283349.0,2877754,Education Loan,842.0,1,239812.83,Missed,Defaulted,2.24237830862844,2.2423783397968906,Excellent
CUST00467,61,Female,Pune,Freelancer,2365251.0,1384649,Business Loan,797.0,13,8875.96,Missed,Defaulted,0.04503180423557584,0.5854131337435223,Excellent
CUST00122,47,Male,Lucknow,Salaried,1754205.0,1151267,Home Loan,816.0,6,15989.82,Good,Approved,0.10938165151735402,0.656289886301772,Excellent
CUST01639,50,Male,Kolkata,Freelancer,1390456.0,322544,Business Loan,333.0,17,1581.1,Missed,Defaulted,0.013645307726386162,0.2319699436731547,Poor
CUST01045,57,Male,Hyderabad,Self-Employed,1339664.0,1250847,Personal Loan,420.0,5,20847.45,Missed,Defaulted,0.18674040654970203,0.93370203274851,Poor
CUST01725,62,Male,Ahmedabad,Freelancer,1954867.0,1441579,Home Loan,830.0,3,40043.86,Missed,Defaulted,0.2458102367066404,0.7374307305816713,Excellent
CUST01096,64,Female,Chennai,Salaried,1538530.0,882307,Business Loan,678.0,3,24508.53,Delayed,Approved,0.19115802746777769,0.5734740304056469,Good
CUST01131,25,Female,Jaipur,Self-Employed,1392097.0,2443365,Personal Loan,685.0,19,10716.51,Excellent,Rejected,0.09237726968738529,1.7551686412656589,Good
CUST01295,63,Female,Pune,Business Owner,1309816.0,2963293,Home Loan,711.0,18,13718.95,Missed,Defaulted,0.12568742479859768,2.2623734936815554,Good
CUST00861,51,Female,Chennai,Self-Employed,2479176.0,2335221,Personal Loan,439.0,13,14969.37,Missed,Defaulted,0.07245650974355995,0.9419343362472047,Poor
CUST01460,62,Female,Ahmedabad,Salaried,246002.0,3916585,Education Loan,622.0,3,108794.03,Missed,Defaulted,5.306982707457663,15.920947797172381,Fair
CUST01127,23,Male,Chennai,Business Owner,359292.0,2998134,Car Loan,554.0,7,35692.07,Good,Defaulted,1.192080090845329,8.344560969907485,Fair
